codigo_producto,metodo,tiene_hiperparametros,n_scores_aci,alpha_aci
CITG000725ALTE,ANIO_ANTERIOR,False,12,0.16000000000000006
CITG000725ARIP,ANIO_ANTERIOR,False,12,0.16000000000000006
CITG000725ARSP,ANIO_ANTERIOR,False,12,0.16000000000000006
CITG000725ARTE,ANIO_ANTERIOR,False,12,0.16000000000000006
CP201030RHRP,ANIO_ANTERIOR,False,12,0.16000000000000006
INACTIVO,ANIO_ANTERIOR,False,12,0.11000000000000004
LSESTERILA01,ANIO_ANTERIOR,False,12,0.16000000000000006
MC000624ELEP,ANIO_ANTERIOR,False,12,0.16000000000000006
MC000624ELRP,ANIO_ANTERIOR,False,12,0.025000000000000005
MC000624EREP,ANIO_ANTERIOR,False,12,0.16000000000000006
MC001030ELRP,ANIO_ANTERIOR,False,12,0.16000000000000006
MC021020DRRP,ANIO_ANTERIOR,False,12,0.16000000000000006
MC031020DRRC,ANIO_ANTERIOR,False,12,0.04500000000000001
MC031020DRRP,ANIO_ANTERIOR,False,12,0.11000000000000004
MC031020KRRP,ANIO_ANTERIOR,False,12,0.16000000000000006
MC050919DRRP,ANIO_ANTERIOR,False,12,0.16000000000000006
MC051020DRRC,ANIO_ANTERIOR,False,12,0.060000000000000026
MC051020DRRP,ANIO_ANTERIOR,False,12,0.05500000000000002
MC051020DRZP,ANIO_ANTERIOR,False,12,0.16000000000000006
MC051020KRRP,ANIO_ANTERIOR,False,12,0.16000000000000006
MC051020LMRP,ANIO_ANTERIOR,False,12,0.11000000000000004
MC051022LMRP,ANIO_ANTERIOR,False,12,0.16000000000000006
MC052525CLRP,ANIO_ANTERIOR,False,12,0.16000000000000006
MC061224DMRP,ANIO_ANTERIOR,False,12,0.16000000000000006
MC061224HVEP,ANIO_ANTERIOR,False,12,0.11000000000000004
MC061224HVRP,ANIO_ANTERIOR,False,12,0.060000000000000026
MC061224LVRC,ANIO_ANTERIOR,False,12,0.11000000000000004
MC061224LVRP,ANIO_ANTERIOR,False,12,0.11000000000000004
MC061330LVRC,ANIO_ANTERIOR,False,12,0.16000000000000006
MC061330LVRP,ANIO_ANTERIOR,False,12,0.06000000000000003
MC071919CJRP,ANIO_ANTERIOR,False,12,0.16000000000000006
MC081020DRRC,ANIO_ANTERIOR,False,12,0.11000000000000004
MC081020DRRP,ANIO_ANTERIOR,False,12,0.015000000000000001
MC100626NLRP,ANIO_ANTERIOR,False,12,0.16000000000000006
MC100628CLRP,ANIO_ANTERIOR,False,12,0.16000000000000006
MC101330LHRC,ANIO_ANTERIOR,False,12,0.060000000000000026
MC101330LHRP,ANIO_ANTERIOR,False,12,0.05000000000000002
MC101330LVRC,ANIO_ANTERIOR,False,12,0.11000000000000004
MC101330LVRP,KRR,True,12,0.060000000000000026
MC101330LVRPTG,ANIO_ANTERIOR,False,12,0.06000000000000003
MC120620DRRC,ANIO_ANTERIOR,False,12,0.11000000000000004
MC120620DRRP,ANIO_ANTERIOR,False,12,0.060000000000000026
MC121206DRRP,ANIO_ANTERIOR,False,12,0.04000000000000001
MC131330IVRC,ANIO_ANTERIOR,False,12,0.16000000000000006
MC131330LHRC,ANIO_ANTERIOR,False,12,0.11000000000000004
MC131330LHRP,ANIO_ANTERIOR,False,12,0.060000000000000026
MC131330LVRC,ANIO_ANTERIOR,False,12,0.16000000000000006
MC131330LVRP,ANIO_ANTERIOR,False,12,0.16000000000000006
MC201015RHRC,ANIO_ANTERIOR,False,12,0.04000000000000001
MC201015RHRP,KRR,True,12,0.020000000000000004
MC201020CCRC,ANIO_ANTERIOR,False,12,0.16000000000000006
MC201020CCRP,ANIO_ANTERIOR,False,12,0.16000000000000006
MC201020CTRP,ANIO_ANTERIOR,False,12,0.16000000000000006
MC201020RHRC,ANIO_ANTERIOR,False,12,0.16000000000000006
MC201020RHRP,ANIO_ANTERIOR,False,12,0.16000000000000006
MC201030RH3C,ANIO_ANTERIOR,False,12,0.16000000000000006
MC201030RH3P,ANIO_ANTERIOR,False,12,0.16000000000000006
MC201030RHRC,KRR,True,12,0.025000000000000005
MC201030RHRP,KRR,True,12,0.025000000000000005
MC201030RVRC,ANIO_ANTERIOR,False,12,0.11000000000000004
MC201030RVRP,ANIO_ANTERIOR,False,12,0.060000000000000026
MC201040RHRC,ANIO_ANTERIOR,False,12,0.16000000000000006
MC201040RHRP,ANIO_ANTERIOR,False,12,0.16000000000000006
MC201215RHRC,ANIO_ANTERIOR,False,12,0.04500000000000001
MC201215RHRP,KRR,True,12,0.060000000000000026
MC201220LVRP,ANIO_ANTERIOR,False,12,0.060000000000000026
MC201230RHRC,KRR,True,12,0.11000000000000004
MC201230RHRP,KRR,True,12,0.060000000000000026
MC201230RVRC,ANIO_ANTERIOR,False,12,0.010000000000000016
MC201230RVRP,KRR,True,12,0.11000000000000004
MC201240LVRC,ANIO_ANTERIOR,False,12,0.060000000000000026
MC201240LVRP,ANIO_ANTERIOR,False,12,0.01
MC201240RHRC,ANIO_ANTERIOR,False,12,0.16000000000000006
MC201240RHRP,ANIO_ANTERIOR,False,12,0.16000000000000006
MC201520CCRP,ANIO_ANTERIOR,False,12,0.16000000000000006
MCCONTROL01,ANIO_ANTERIOR,False,12,0.16000000000000006
MCENSAYO0001,ANIO_ANTERIOR,False,12,0.16000000000000006
MCENSAYO0002,ANIO_ANTERIOR,False,12,0.16000000000000006
MCENSAYO0003,ANIO_ANTERIOR,False,12,0.04000000000000001
MCENSAYO0004,ANIO_ANTERIOR,False,12,0.16000000000000006
MCENSAYO0005,ANIO_ANTERIOR,False,12,0.11000000000000004
MCENSAYO0015,ANIO_ANTERIOR,False,12,0.06000000000000003
MCENSAYO0016,ANIO_ANTERIOR,False,12,0.11000000000000004
MCENSAYO0017,ANIO_ANTERIOR,False,12,0.010000000000000023
PRESUPUESTO,ANIO_ANTERIOR,False,12,0.16000000000000006
TG000325ALAP,ANIO_ANTERIOR,False,12,0.11000000000000004
TG000325ALMP,ANIO_ANTERIOR,False,12,0.060000000000000026
TG000325ALRP,ANIO_ANTERIOR,False,12,0.16000000000000006
TG000325ALSP,ANIO_ANTERIOR,False,12,0.060000000000000026
TG000325ALTP,ANIO_ANTERIOR,False,12,0.060000000000000026
TG000325ALYP,ANIO_ANTERIOR,False,12,0.11000000000000004
TG000325ARAP,ANIO_ANTERIOR,False,12,0.16000000000000006
TG000325ARMP,ANIO_ANTERIOR,False,12,0.16000000000000006
TG000325ARSP,ANIO_ANTERIOR,False,12,0.16000000000000006
TG000325ARTP,ANIO_ANTERIOR,False,12,0.16000000000000006
TG000325TEKP,ANIO_ANTERIOR,False,12,0.16000000000000006
TG000325TELP,ANIO_ANTERIOR,False,12,0.16000000000000006
TG000325TENP,ANIO_ANTERIOR,False,12,0.16000000000000006
TG00047N004P,ANIO_ANTERIOR,False,12,0.16000000000000006
TG00047N104P,ANIO_ANTERIOR,False,12,0.11000000000000004
TG00047N204P,ANIO_ANTERIOR,False,12,0.16000000000000006
TG00047N304P,ANIO_ANTERIOR,False,12,0.16000000000000006
TG00047N404P,ANIO_ANTERIOR,False,12,0.16000000000000006
TG00047N504P,ANIO_ANTERIOR,False,12,0.16000000000000006
TG00047N604P,ANIO_ANTERIOR,False,12,0.16000000000000006
TG00047N704P,ANIO_ANTERIOR,False,12,0.16000000000000006
TG00047N804P,ANIO_ANTERIOR,False,12,0.16000000000000006
TG00047NA04P,ANIO_ANTERIOR,False,12,0.11000000000000004
TG00047NB04P,ANIO_ANTERIOR,False,12,0.16000000000000006
TG00047NC04P,ANIO_ANTERIOR,False,12,0.11000000000000004
TG00047ND04P,ANIO_ANTERIOR,False,12,0.16000000000000006
TG00047NE04P,ANIO_ANTERIOR,False,12,0.16000000000000006
TG00047NES4P,ANIO_ANTERIOR,False,12,0.16000000000000006
TG00047NF04P,ANIO_ANTERIOR,False,12,0.16000000000000006
TG00047NG04P,ANIO_ANTERIOR,False,12,0.16000000000000006
TG00047NGU4P,ANIO_ANTERIOR,False,12,0.16000000000000006
TG00047NH04P,ANIO_ANTERIOR,False,12,0.16000000000000006
TG00047NI04P,ANIO_ANTERIOR,False,12,0.11000000000000004
TG00047NJ04P,ANIO_ANTERIOR,False,12,0.16000000000000006
TG00047NK04P,ANIO_ANTERIOR,False,12,0.16000000000000006
TG00047NL04P,ANIO_ANTERIOR,False,12,0.16000000000000006
TG00047NM04P,ANIO_ANTERIOR,False,12,0.11000000000000004
TG00047NN04P,ANIO_ANTERIOR,False,12,0.16000000000000006
TG00047NNN4P,ANIO_ANTERIOR,False,12,0.16000000000000006
TG00047NP04P,ANIO_ANTERIOR,False,12,0.11000000000000004
TG00047NQ04P,ANIO_ANTERIOR,False,12,0.11000000000000004
TG00047NR04P,ANIO_ANTERIOR,False,12,0.16000000000000006
TG00047NS04P,ANIO_ANTERIOR,False,12,0.11000000000000004
TG00047NSE4P,ANIO_ANTERIOR,False,12,0.16000000000000006
TG00047NT04P,ANIO_ANTERIOR,False,12,0.11000000000000004
TG00047NU04P,ANIO_ANTERIOR,False,12,0.16000000000000006
TG00047NV04P,ANIO_ANTERIOR,False,12,0.16000000000000006
TG00047NX04P,ANIO_ANTERIOR,False,12,0.11000000000000004
TG00047NY04P,ANIO_ANTERIOR,False,12,0.16000000000000006
TG00047NZ04P,ANIO_ANTERIOR,False,12,0.16000000000000006
TG000515ERMP,ANIO_ANTERIOR,False,12,0.11000000000000004
TG000515ERRP,ANIO_ANTERIOR,False,12,0.16000000000000006
TG000624ALAE,ANIO_ANTERIOR,False,12,0.060000000000000026
TG000624ALAP,ANIO_ANTERIOR,False,12,0.11000000000000004
TG000624ALGE,ANIO_ANTERIOR,False,12,0.16000000000000006
TG000624ALGP,ANIO_ANTERIOR,False,12,0.16000000000000006
TG000624ALME,ANIO_ANTERIOR,False,12,0.11000000000000004
TG000624ALMP,ANIO_ANTERIOR,False,12,0.16000000000000006
TG000624ALRE,ANIO_ANTERIOR,False,12,0.16000000000000006
TG000624ALRP,ANIO_ANTERIOR,False,12,0.16000000000000006
TG000624ELAC,ANIO_ANTERIOR,False,12,0.16000000000000006
TG000624ELAP,ANIO_ANTERIOR,False,12,0.16000000000000006
TG000624ELGC,ANIO_ANTERIOR,False,12,0.16000000000000006
TG000624ELGP,ANIO_ANTERIOR,False,12,0.16000000000000006
TG000624ELMC,ANIO_ANTERIOR,False,12,0.16000000000000006
TG000624ELMP,ANIO_ANTERIOR,False,12,0.16000000000000006
TG000624ELRC,ANIO_ANTERIOR,False,12,0.16000000000000006
TG000624ELRP,ANIO_ANTERIOR,False,12,0.16000000000000006
TG000624LLAP,ANIO_ANTERIOR,False,12,0.060000000000000026
TG000626ELAP,ANIO_ANTERIOR,False,12,0.16000000000000006
TG000626ELAP1,ANIO_ANTERIOR,False,12,0.04500000000000001
TG000626ELAP2,ANIO_ANTERIOR,False,12,0.060000000000000026
TG000626ELMP,ANIO_ANTERIOR,False,12,0.16000000000000006
TG000626ELMP1,ANIO_ANTERIOR,False,12,0.04500000000000001
TG000626ELMP2,ANIO_ANTERIOR,False,12,0.11000000000000004
TG000626ELRP,ANIO_ANTERIOR,False,12,0.16000000000000006
TG000626ELRP1,ANIO_ANTERIOR,False,12,0.01
TG000626ELRP2,ANIO_ANTERIOR,False,12,0.060000000000000026
TG000630ELAP,ANIO_ANTERIOR,False,12,0.11000000000000004
TG000725ALAE,ANIO_ANTERIOR,False,12,0.16000000000000006
TG000725ALAE1,ANIO_ANTERIOR,False,12,0.060000000000000026
TG000725ALAP,ANIO_ANTERIOR,False,12,0.16000000000000006
TG000725ALAP1,ANIO_ANTERIOR,False,12,0.11000000000000004
TG000725ALAP2,ANIO_ANTERIOR,False,12,0.020000000000000004
TG000725ALAX,ANIO_ANTERIOR,False,12,0.11000000000000004
TG000725ALFP,ANIO_ANTERIOR,False,12,0.16000000000000006
TG000725ALIP,ANIO_ANTERIOR,False,12,0.16000000000000006
TG000725ALME,ANIO_ANTERIOR,False,12,0.16000000000000006
TG000725ALME1,ANIO_ANTERIOR,False,12,0.060000000000000026
TG000725ALME2,ANIO_ANTERIOR,False,12,0.030000000000000006
TG000725ALMP,ANIO_ANTERIOR,False,12,0.16000000000000006
TG000725ALMP1,ANIO_ANTERIOR,False,12,0.05000000000000002
TG000725ALMP2,ANIO_ANTERIOR,False,12,0.015000000000000001
TG000725ALOP,ANIO_ANTERIOR,False,12,0.16000000000000006
TG000725ALQP,ANIO_ANTERIOR,False,12,0.16000000000000006
TG000725ALRE,ANIO_ANTERIOR,False,12,0.16000000000000006
TG000725ALRE1,ANIO_ANTERIOR,False,12,0.05500000000000002
TG000725ALRE2,ANIO_ANTERIOR,False,12,0.025000000000000005
TG000725ALRESR,ANIO_ANTERIOR,False,12,0.11000000000000004
TG000725ALRP,ANIO_ANTERIOR,False,12,0.16000000000000006
TG000725ALRP1,ANIO_ANTERIOR,False,12,0.11000000000000004
TG000725ALRP2,ANIO_ANTERIOR,False,12,0.060000000000000026
TG000725ALSE,ANIO_ANTERIOR,False,12,0.16000000000000006
TG000725ALSP,ANIO_ANTERIOR,False,12,0.16000000000000006
TG000725ALTE,ANIO_ANTERIOR,False,12,0.11000000000000004
TG000725ALTP,ANIO_ANTERIOR,False,12,0.020000000000000004
TG000725ALVP,ANIO_ANTERIOR,False,12,0.16000000000000006
TG000725ALWP,ANIO_ANTERIOR,False,12,0.16000000000000006
TG000725ALYE,ANIO_ANTERIOR,False,12,0.11000000000000004
TG000725ALYP,ANIO_ANTERIOR,False,12,0.015000000000000001
TG000725ARAE,ANIO_ANTERIOR,False,12,0.16000000000000006
TG000725ARAP,ANIO_ANTERIOR,False,12,0.16000000000000006
TG000725ARAP1,ANIO_ANTERIOR,False,12,0.010000000000000016
TG000725ARAP2,ANIO_ANTERIOR,False,12,0.11000000000000004
TG000725ARFP,ANIO_ANTERIOR,False,12,0.16000000000000006
TG000725ARIP,ANIO_ANTERIOR,False,12,0.16000000000000006
TG000725ARME,ANIO_ANTERIOR,False,12,0.16000000000000006
TG000725ARMP,ANIO_ANTERIOR,False,12,0.16000000000000006
TG000725ARMP1,ANIO_ANTERIOR,False,12,0.11000000000000004
TG000725ARMP2,ANIO_ANTERIOR,False,12,0.010000000000000016
TG000725ARQP,ANIO_ANTERIOR,False,12,0.16000000000000006
TG000725ARRP,ANIO_ANTERIOR,False,12,0.16000000000000006
TG000725ARRP1,ANIO_ANTERIOR,False,12,0.01
TG000725ARRP2,ANIO_ANTERIOR,False,12,0.01
TG000725ARSE,ANIO_ANTERIOR,False,12,0.16000000000000006
TG000725ARSP,ANIO_ANTERIOR,False,12,0.16000000000000006
TG000725ARTE,ANIO_ANTERIOR,False,12,0.025000000000000005
TG000725ARTP,ANIO_ANTERIOR,False,12,0.11000000000000004
TG000725ARVP,ANIO_ANTERIOR,False,12,0.16000000000000006
TG000725ARWP,ANIO_ANTERIOR,False,12,0.16000000000000006
TG000725ARYE,ANIO_ANTERIOR,False,12,0.16000000000000006
TG000725ARYP,ANIO_ANTERIOR,False,12,0.16000000000000006
TG000725SRMP,ANIO_ANTERIOR,False,12,0.11000000000000004
TG000725SRRP,ANIO_ANTERIOR,False,12,0.060000000000000026
TG000820ALRP,ANIO_ANTERIOR,False,12,0.11000000000000004
TG000920CLDP,ANIO_ANTERIOR,False,12,0.11000000000000004
TG000920CLJP,ANIO_ANTERIOR,False,12,0.11000000000000004
TG000920CLPP,ANIO_ANTERIOR,False,12,0.05000000000000002
TG000920CLRP,ANIO_ANTERIOR,False,12,0.16000000000000006
TG001010ALRE,ANIO_ANTERIOR,False,12,0.16000000000000006
TG001010ALTP,ANIO_ANTERIOR,False,12,0.11000000000000004
TG001010ARAE,ANIO_ANTERIOR,False,12,0.11000000000000004
TG001010ARQE,ANIO_ANTERIOR,False,12,0.16000000000000006
TG001010ARRE,ANIO_ANTERIOR,False,12,0.16000000000000006
TG001010ARRE1,ANIO_ANTERIOR,False,12,0.11000000000000004
TG001010ARRE2,ANIO_ANTERIOR,False,12,0.11000000000000004
TG001010ARRP,ANIO_ANTERIOR,False,12,0.16000000000000006
TG001010ARRP1,ANIO_ANTERIOR,False,12,0.060000000000000026
TG001010ARRP2,ANIO_ANTERIOR,False,12,0.060000000000000026
TG001020ALAE,ANIO_ANTERIOR,False,12,0.16000000000000006
TG001020ALAE1,ANIO_ANTERIOR,False,12,0.05500000000000002
TG001020ALAE2,ANIO_ANTERIOR,False,12,0.015000000000000001
TG001020ALAESR,ANIO_ANTERIOR,False,12,0.010000000000000016
TG001020ALAP,ANIO_ANTERIOR,False,12,0.16000000000000006
TG001020ALAP1,ANIO_ANTERIOR,False,12,0.010000000000000016
TG001020ALAP2,ANIO_ANTERIOR,False,12,0.05500000000000002
TG001020ALDE,ANIO_ANTERIOR,False,12,0.16000000000000006
TG001020ALDE1,ANIO_ANTERIOR,False,12,0.05000000000000002
TG001020ALDE2,ANIO_ANTERIOR,False,12,0.025000000000000005
TG001020ALDESR,ANIO_ANTERIOR,False,12,0.04000000000000001
TG001020ALDP,ANIO_ANTERIOR,False,12,0.16000000000000006
TG001020ALDP1,ANIO_ANTERIOR,False,12,0.05500000000000002
TG001020ALDP2,ANIO_ANTERIOR,False,12,0.015000000000000001
TG001020ALFP,ANIO_ANTERIOR,False,12,0.16000000000000006
TG001020ALJE,ANIO_ANTERIOR,False,12,0.11000000000000004
TG001020ALME,ANIO_ANTERIOR,False,12,0.16000000000000006
TG001020ALME1,ANIO_ANTERIOR,False,12,0.11000000000000004
TG001020ALME2,ANIO_ANTERIOR,False,12,0.11000000000000004
TG001020ALMP,ANIO_ANTERIOR,False,12,0.16000000000000006
TG001020ALMP1,ANIO_ANTERIOR,False,12,0.11000000000000004
TG001020ALMP2,ANIO_ANTERIOR,False,12,0.025000000000000005
TG001020ALRE,ANIO_ANTERIOR,False,12,0.16000000000000006
TG001020ALRE1,ANIO_ANTERIOR,False,12,0.060000000000000026
TG001020ALRE2,ANIO_ANTERIOR,False,12,0.05000000000000002
TG001020ALRESR,ANIO_ANTERIOR,False,12,0.11000000000000004
TG001020ALRP,ANIO_ANTERIOR,False,12,0.16000000000000006
TG001020ALRP1,ANIO_ANTERIOR,False,12,0.11000000000000004
TG001020ALRP2,ANIO_ANTERIOR,False,12,0.04000000000000001
TG001020ALRX,ANIO_ANTERIOR,False,12,0.060000000000000026
TG001020ALYP,ANIO_ANTERIOR,False,12,0.01
TG001020CLAE,ANIO_ANTERIOR,False,12,0.16000000000000006
TG001020CLAP,ANIO_ANTERIOR,False,12,0.060000000000000026
TG001020CLRE,ANIO_ANTERIOR,False,12,0.16000000000000006
TG001020CLRE1,ANIO_ANTERIOR,False,12,0.11000000000000004
TG001020CLRP,ANIO_ANTERIOR,False,12,0.060000000000000026
TG001020CLRP1,ANIO_ANTERIOR,False,12,0.04500000000000001
TG001020CLRP2,ANIO_ANTERIOR,False,12,0.11000000000000004
TG001515BLRP,ANIO_ANTERIOR,False,12,0.11000000000000004
TG001515BLRP1,ANIO_ANTERIOR,False,12,0.11000000000000004
TG002020BLAE,ANIO_ANTERIOR,False,12,0.16000000000000006
TG002020BLAP,ANIO_ANTERIOR,False,12,0.16000000000000006
TG002020BLRE,ANIO_ANTERIOR,False,12,0.16000000000000006
TG002020BLRP,ANIO_ANTERIOR,False,12,0.16000000000000006
TG002020CLAE,ANIO_ANTERIOR,False,12,0.16000000000000006
TG002020CLAP,ANIO_ANTERIOR,False,12,0.060000000000000026
TG002020CLCP,ANIO_ANTERIOR,False,12,0.16000000000000006
TG002020CLJB,ANIO_ANTERIOR,False,12,0.16000000000000006
TG002020CLRP,ANIO_ANTERIOR,False,12,0.01
TG002025CLAE,ANIO_ANTERIOR,False,12,0.16000000000000006
TG002025CLAP,ANIO_ANTERIOR,False,12,0.060000000000000026
TG002025CLCP,ANIO_ANTERIOR,False,12,0.16000000000000006
TG002025CLRE,ANIO_ANTERIOR,False,12,0.11000000000000004
TG002025CLRP,ANIO_ANTERIOR,False,12,0.04000000000000001
TG002525CLAP,ANIO_ANTERIOR,False,12,0.16000000000000006
TG003122JLME,ANIO_ANTERIOR,False,12,0.11000000000000004
TG00314NGU1P,ANIO_ANTERIOR,False,12,0.11000000000000004
TG00314NGU2P,ANIO_ANTERIOR,False,12,0.16000000000000006
TG00314NSE1P,ANIO_ANTERIOR,False,12,0.16000000000000006
TG00314NSE2P,ANIO_ANTERIOR,False,12,0.16000000000000006
TG00314NSE3P,ANIO_ANTERIOR,False,12,0.16000000000000006
TG00505T044P,ANIO_ANTERIOR,False,12,0.16000000000000006
TG00707T043P,ANIO_ANTERIOR,False,12,0.16000000000000006
TG00714N101P,ANIO_ANTERIOR,False,12,0.16000000000000006
TG00714N102P,ANIO_ANTERIOR,False,12,0.16000000000000006
TG00714N103P,ANIO_ANTERIOR,False,12,0.16000000000000006
TG00714N201P,ANIO_ANTERIOR,False,12,0.11000000000000004
TG00714N202P,ANIO_ANTERIOR,False,12,0.16000000000000006
TG00714N203P,ANIO_ANTERIOR,False,12,0.16000000000000006
TG00714N301E,ANIO_ANTERIOR,False,12,0.11000000000000004
TG00714N301P,ANIO_ANTERIOR,False,12,0.16000000000000006
TG00714N302P,ANIO_ANTERIOR,False,12,0.16000000000000006
TG00714N303P,ANIO_ANTERIOR,False,12,0.11000000000000004
TG00714N401E,ANIO_ANTERIOR,False,12,0.16000000000000006
TG00714N401P,ANIO_ANTERIOR,False,12,0.11000000000000004
TG00714N402P,ANIO_ANTERIOR,False,12,0.16000000000000006
TG00714N403P,ANIO_ANTERIOR,False,12,0.16000000000000006
TG00714N501P,ANIO_ANTERIOR,False,12,0.11000000000000004
TG00714N502P,ANIO_ANTERIOR,False,12,0.16000000000000006
TG00714N503P,ANIO_ANTERIOR,False,12,0.16000000000000006
TG00714N601E,ANIO_ANTERIOR,False,12,0.16000000000000006
TG00714N601P,ANIO_ANTERIOR,False,12,0.16000000000000006
TG00714N602P,ANIO_ANTERIOR,False,12,0.16000000000000006
TG00714N603P,ANIO_ANTERIOR,False,12,0.16000000000000006
TG00714N701E,ANIO_ANTERIOR,False,12,0.16000000000000006
TG00714N701P,ANIO_ANTERIOR,False,12,0.16000000000000006
TG00714N702P,ANIO_ANTERIOR,False,12,0.16000000000000006
TG00714N703P,ANIO_ANTERIOR,False,12,0.16000000000000006
TG00714N801E,ANIO_ANTERIOR,False,12,0.16000000000000006
TG00714N801P,ANIO_ANTERIOR,False,12,0.16000000000000006
TG00714N802P,ANIO_ANTERIOR,False,12,0.16000000000000006
TG00714N803P,ANIO_ANTERIOR,False,12,0.16000000000000006
TG00714NA01E,ANIO_ANTERIOR,False,12,0.060000000000000026
TG00714NA01P,ANIO_ANTERIOR,False,12,0.16000000000000006
TG00714NA02P,ANIO_ANTERIOR,False,12,0.16000000000000006
TG00714NA03P,ANIO_ANTERIOR,False,12,0.11000000000000004
TG00714NB01E,ANIO_ANTERIOR,False,12,0.16000000000000006
TG00714NB01P,ANIO_ANTERIOR,False,12,0.16000000000000006
TG00714NB02P,ANIO_ANTERIOR,False,12,0.16000000000000006
TG00714NB03P,ANIO_ANTERIOR,False,12,0.11000000000000004
TG00714NC01P,ANIO_ANTERIOR,False,12,0.16000000000000006
TG00714NC02P,ANIO_ANTERIOR,False,12,0.16000000000000006
TG00714NC03P,ANIO_ANTERIOR,False,12,0.16000000000000006
TG00714ND01E,ANIO_ANTERIOR,False,12,0.16000000000000006
TG00714ND01P,ANIO_ANTERIOR,False,12,0.11000000000000004
TG00714ND02P,ANIO_ANTERIOR,False,12,0.16000000000000006
TG00714ND03P,ANIO_ANTERIOR,False,12,0.16000000000000006
TG00714NE01E,ANIO_ANTERIOR,False,12,0.060000000000000026
TG00714NE01P,ANIO_ANTERIOR,False,12,0.16000000000000006
TG00714NE02P,ANIO_ANTERIOR,False,12,0.16000000000000006
TG00714NE03P,ANIO_ANTERIOR,False,12,0.16000000000000006
TG00714NES3P,ANIO_ANTERIOR,False,12,0.16000000000000006
TG00714NF01E,ANIO_ANTERIOR,False,12,0.16000000000000006
TG00714NF01P,ANIO_ANTERIOR,False,12,0.11000000000000004
TG00714NF02P,ANIO_ANTERIOR,False,12,0.16000000000000006
TG00714NF03P,ANIO_ANTERIOR,False,12,0.16000000000000006
TG00714NG01E,ANIO_ANTERIOR,False,12,0.11000000000000004
TG00714NG01P,ANIO_ANTERIOR,False,12,0.16000000000000006
TG00714NG02P,ANIO_ANTERIOR,False,12,0.16000000000000006
TG00714NG03P,ANIO_ANTERIOR,False,12,0.16000000000000006
TG00714NH01E,ANIO_ANTERIOR,False,12,0.11000000000000004
TG00714NH01P,ANIO_ANTERIOR,False,12,0.16000000000000006
TG00714NH02P,ANIO_ANTERIOR,False,12,0.16000000000000006
TG00714NH03P,ANIO_ANTERIOR,False,12,0.11000000000000004
TG00714NI01P,ANIO_ANTERIOR,False,12,0.11000000000000004
TG00714NI02P,ANIO_ANTERIOR,False,12,0.16000000000000006
TG00714NI03P,ANIO_ANTERIOR,False,12,0.16000000000000006
TG00714NJ01E,ANIO_ANTERIOR,False,12,0.11000000000000004
TG00714NJ01P,ANIO_ANTERIOR,False,12,0.16000000000000006
TG00714NJ02P,ANIO_ANTERIOR,False,12,0.16000000000000006
TG00714NJ03P,ANIO_ANTERIOR,False,12,0.16000000000000006
TG00714NK01E,ANIO_ANTERIOR,False,12,0.16000000000000006
TG00714NK01P,ANIO_ANTERIOR,False,12,0.11000000000000004
TG00714NK02P,ANIO_ANTERIOR,False,12,0.16000000000000006
TG00714NK03P,ANIO_ANTERIOR,False,12,0.16000000000000006
TG00714NL01P,ANIO_ANTERIOR,False,12,0.16000000000000006
TG00714NL02P,ANIO_ANTERIOR,False,12,0.16000000000000006
TG00714NL03P,ANIO_ANTERIOR,False,12,0.16000000000000006
TG00714NM01E,ANIO_ANTERIOR,False,12,0.16000000000000006
TG00714NM01P,ANIO_ANTERIOR,False,12,0.11000000000000004
TG00714NM03P,ANIO_ANTERIOR,False,12,0.16000000000000006
TG00714NN01E,ANIO_ANTERIOR,False,12,0.16000000000000006
TG00714NN01P,ANIO_ANTERIOR,False,12,0.11000000000000004
TG00714NN02P,ANIO_ANTERIOR,False,12,0.16000000000000006
TG00714NN03P,ANIO_ANTERIOR,False,12,0.16000000000000006
TG00714NNN1E,ANIO_ANTERIOR,False,12,0.16000000000000006
TG00714NNN1P,ANIO_ANTERIOR,False,12,0.16000000000000006
TG00714NNN2P,ANIO_ANTERIOR,False,12,0.16000000000000006
TG00714NO01P,ANIO_ANTERIOR,False,12,0.11000000000000004
TG00714NO02P,ANIO_ANTERIOR,False,12,0.16000000000000006
TG00714NO03P,ANIO_ANTERIOR,False,12,0.16000000000000006
TG00714NP01E,ANIO_ANTERIOR,False,12,0.16000000000000006
TG00714NP01P,ANIO_ANTERIOR,False,12,0.060000000000000026
TG00714NP02P,ANIO_ANTERIOR,False,12,0.16000000000000006
TG00714NP03P,ANIO_ANTERIOR,False,12,0.16000000000000006
TG00714NQ01E,ANIO_ANTERIOR,False,12,0.16000000000000006
TG00714NQ01P,ANIO_ANTERIOR,False,12,0.16000000000000006
TG00714NQ02P,ANIO_ANTERIOR,False,12,0.16000000000000006
TG00714NR01P,ANIO_ANTERIOR,False,12,0.060000000000000026
TG00714NR02P,ANIO_ANTERIOR,False,12,0.16000000000000006
TG00714NS01E,ANIO_ANTERIOR,False,12,0.16000000000000006
TG00714NS01P,ANIO_ANTERIOR,False,12,0.16000000000000006
TG00714NS02P,ANIO_ANTERIOR,False,12,0.16000000000000006
TG00714NT01E,ANIO_ANTERIOR,False,12,0.16000000000000006
TG00714NT01P,ANIO_ANTERIOR,False,12,0.16000000000000006
TG00714NT02P,ANIO_ANTERIOR,False,12,0.11000000000000004
TG00714NT03P,ANIO_ANTERIOR,False,12,0.16000000000000006
TG00714NU01E,ANIO_ANTERIOR,False,12,0.16000000000000006
TG00714NU01P,ANIO_ANTERIOR,False,12,0.11000000000000004
TG00714NU02P,ANIO_ANTERIOR,False,12,0.16000000000000006
TG00714NU03P,ANIO_ANTERIOR,False,12,0.16000000000000006
TG00714NV01E,ANIO_ANTERIOR,False,12,0.16000000000000006
TG00714NV01P,ANIO_ANTERIOR,False,12,0.16000000000000006
TG00714NV02P,ANIO_ANTERIOR,False,12,0.16000000000000006
TG00714NV03P,ANIO_ANTERIOR,False,12,0.16000000000000006
TG00714NW01E,ANIO_ANTERIOR,False,12,0.16000000000000006
TG00714NW01P,ANIO_ANTERIOR,False,12,0.16000000000000006
TG00714NW02P,ANIO_ANTERIOR,False,12,0.16000000000000006
TG00714NX01E,ANIO_ANTERIOR,False,12,0.16000000000000006
TG00714NX01P,ANIO_ANTERIOR,False,12,0.16000000000000006
TG00714NX03P,ANIO_ANTERIOR,False,12,0.16000000000000006
TG00714NY01E,ANIO_ANTERIOR,False,12,0.16000000000000006
TG00714NY01P,ANIO_ANTERIOR,False,12,0.060000000000000026
TG00714NY02P,ANIO_ANTERIOR,False,12,0.16000000000000006
TG00714NZ01E,ANIO_ANTERIOR,False,12,0.16000000000000006
TG00714NZ01P,ANIO_ANTERIOR,False,12,0.11000000000000004
TG00714NZ02P,ANIO_ANTERIOR,False,12,0.16000000000000006
TG00725CVFIP,ANIO_ANTERIOR,False,12,0.16000000000000006
TG00920G030P,ANIO_ANTERIOR,False,12,0.16000000000000006
TG01010T003P,ANIO_ANTERIOR,False,12,0.16000000000000006
TG01010T005P,ANIO_ANTERIOR,False,12,0.11000000000000004
TG01010T011P,ANIO_ANTERIOR,False,12,0.16000000000000006
TG01010T015P,ANIO_ANTERIOR,False,12,0.11000000000000004
TG01010T017P,ANIO_ANTERIOR,False,12,0.16000000000000006
TG01010T018P,ANIO_ANTERIOR,False,12,0.16000000000000006
TG01010T019P,ANIO_ANTERIOR,False,12,0.16000000000000006
TG01010T026P,ANIO_ANTERIOR,False,12,0.11000000000000004
TG01010T036P,ANIO_ANTERIOR,False,12,0.16000000000000006
TG01010T037P,ANIO_ANTERIOR,False,12,0.16000000000000006
TG01010T041P,ANIO_ANTERIOR,False,12,0.16000000000000006
TG01010T052P,ANIO_ANTERIOR,False,12,0.16000000000000006
TG01010T053P,ANIO_ANTERIOR,False,12,0.16000000000000006
TG01010T054P,ANIO_ANTERIOR,False,12,0.16000000000000006
TG01010T060P,ANIO_ANTERIOR,False,12,0.16000000000000006
TG01010T062P,ANIO_ANTERIOR,False,12,0.16000000000000006
TG01010T063P,ANIO_ANTERIOR,False,12,0.16000000000000006
TG01010T066P,ANIO_ANTERIOR,False,12,0.060000000000000026
TG01010T067P,ANIO_ANTERIOR,False,12,0.16000000000000006
TG01010T090P,ANIO_ANTERIOR,False,12,0.16000000000000006
TG01010T091P,ANIO_ANTERIOR,False,12,0.16000000000000006
TG01010T092P,ANIO_ANTERIOR,False,12,0.06000000000000003
TG01010T093P,ANIO_ANTERIOR,False,12,0.11000000000000004
TG01010T094P,ANIO_ANTERIOR,False,12,0.16000000000000006
TG01010T095P,ANIO_ANTERIOR,False,12,0.06000000000000003
TG01010T096P,ANIO_ANTERIOR,False,12,0.16000000000000006
TG01010T098P,ANIO_ANTERIOR,False,12,0.11000000000000004
TG01010T115P,ANIO_ANTERIOR,False,12,0.16000000000000006
TG01010T116P,ANIO_ANTERIOR,False,12,0.16000000000000006
TG01010T117P,ANIO_ANTERIOR,False,12,0.16000000000000006
TG01010TBIRP,ANIO_ANTERIOR,False,12,0.11000000000000004
TG01010TRFIP,ANIO_ANTERIOR,False,12,0.16000000000000006
TG01020C005P,ANIO_ANTERIOR,False,12,0.16000000000000006
TG01020C006P,ANIO_ANTERIOR,False,12,0.16000000000000006
TG01020C011P,ANIO_ANTERIOR,False,12,0.16000000000000006
TG01020C013P,ANIO_ANTERIOR,False,12,0.16000000000000006
TG01020C016P,ANIO_ANTERIOR,False,12,0.16000000000000006
TG01020C023P,ANIO_ANTERIOR,False,12,0.16000000000000006
TG01020C026P,ANIO_ANTERIOR,False,12,0.16000000000000006
TG010624ELAP,ANIO_ANTERIOR,False,12,0.010000000000000016
TG010624ELMP,ANIO_ANTERIOR,False,12,0.11000000000000004
TG010624ELRP,ANIO_ANTERIOR,False,12,0.04500000000000001
TG021020DRAP1,ANIO_ANTERIOR,False,12,0.11000000000000004
TG021020DRMP1,ANIO_ANTERIOR,False,12,0.11000000000000004
TG021020DRRP1,ANIO_ANTERIOR,False,12,0.060000000000000026
TG021020DRRP2,ANIO_ANTERIOR,False,12,0.060000000000000026
TG031020DRAP,ANIO_ANTERIOR,False,12,0.060000000000000026
TG03232E501P,ANIO_ANTERIOR,False,12,0.16000000000000006
TG03232E504P,ANIO_ANTERIOR,False,12,0.16000000000000006
TG03232E505P,ANIO_ANTERIOR,False,12,0.16000000000000006
TG03232E509P,ANIO_ANTERIOR,False,12,0.16000000000000006
TG03232E510P,ANIO_ANTERIOR,False,12,0.16000000000000006
TG03232E511P,ANIO_ANTERIOR,False,12,0.16000000000000006
TG041020DRAP2,ANIO_ANTERIOR,False,12,0.11000000000000004
TG041020DRMP1,ANIO_ANTERIOR,False,12,0.11000000000000004
TG041020DRMP2,ANIO_ANTERIOR,False,12,0.11000000000000004
TG041020DRRP1,ANIO_ANTERIOR,False,12,0.025000000000000005
TG041020DRRP2,ANIO_ANTERIOR,False,12,0.035
TG051020DRAP,ANIO_ANTERIOR,False,12,0.11000000000000004
TG051020DRMP,ANIO_ANTERIOR,False,12,0.11000000000000004
TG051239HVAC,ANIO_ANTERIOR,False,12,0.16000000000000006
TG051239HVAP,ANIO_ANTERIOR,False,12,0.060000000000000026
TG051239HVMC,ANIO_ANTERIOR,False,12,0.16000000000000006
TG051239HVMP,ANIO_ANTERIOR,False,12,0.060000000000000026
TG051439HVAC,ANIO_ANTERIOR,False,12,0.020000000000000004
TG051439HVAP,ANIO_ANTERIOR,False,12,0.060000000000000026
TG051439HVMP,ANIO_ANTERIOR,False,12,0.11000000000000004
TG051439HVTP,ANIO_ANTERIOR,False,12,0.16000000000000006
TG051439LVAC,ANIO_ANTERIOR,False,12,0.16000000000000006
TG061020DAAP,ANIO_ANTERIOR,False,12,0.16000000000000006
TG061020DGAP,ANIO_ANTERIOR,False,12,0.16000000000000006
TG061020DRRP1,ANIO_ANTERIOR,False,12,0.060000000000000026
TG061214LLAP,ANIO_ANTERIOR,False,12,0.11000000000000004
TG061216CLLP,ANIO_ANTERIOR,False,12,0.11000000000000004
TG061224LVAB,ANIO_ANTERIOR,False,12,0.015000000000000001
TG061224LVAC,ANIO_ANTERIOR,False,12,0.060000000000000026
TG061224LVAP,ANIO_ANTERIOR,False,12,0.020000000000000004
TG061224LVGB,ANIO_ANTERIOR,False,12,0.16000000000000006
TG061224LVGC,ANIO_ANTERIOR,False,12,0.16000000000000006
TG061224LVGP,ANIO_ANTERIOR,False,12,0.16000000000000006
TG061224LVMB,ANIO_ANTERIOR,False,12,0.11000000000000004
TG061224LVMC,ANIO_ANTERIOR,False,12,0.16000000000000006
TG061224LVMP,ANIO_ANTERIOR,False,12,0.11000000000000004
TG061224LVRC,ANIO_ANTERIOR,False,12,0.16000000000000006
TG061224LVRP,ANIO_ANTERIOR,False,12,0.16000000000000006
TG061225LVLC,ANIO_ANTERIOR,False,12,0.06000000000000003
TG061225LVLP,ANIO_ANTERIOR,False,12,0.16000000000000006
TG061226LLAP,ANIO_ANTERIOR,False,12,0.16000000000000006
TG061226LPAP,ANIO_ANTERIOR,False,12,0.16000000000000006
TG061430LVAB,ANIO_ANTERIOR,False,12,0.16000000000000006
TG061430LVAP,ANIO_ANTERIOR,False,12,0.010000000000000016
TG082380QHRC,ANIO_ANTERIOR,False,12,0.01
TG082380QHRP,ANIO_ANTERIOR,False,12,0.015000000000000001
TG092020CLAE,ANIO_ANTERIOR,False,12,0.16000000000000006
TG092020CLAP,ANIO_ANTERIOR,False,12,0.035
TG092020CLRE,ANIO_ANTERIOR,False,12,0.11000000000000004
TG092020CLRP,ANIO_ANTERIOR,False,12,0.11000000000000004
TG120620DRRP,ANIO_ANTERIOR,False,12,0.060000000000000026
TG121006CCAP,ANIO_ANTERIOR,False,12,0.16000000000000006
TG121206DRRP,ANIO_ANTERIOR,False,12,0.025000000000000005
TG191910CCAP,ANIO_ANTERIOR,False,12,0.01
TG201220LVRP,ANIO_ANTERIOR,False,12,0.11000000000000004
TG201240LVRP,ANIO_ANTERIOR,False,12,0.010000000000000023
TG2945TRLRRP,ANIO_ANTERIOR,False,12,0.060000000000000026
TG3422TZLMMP,ANIO_ANTERIOR,False,12,0.16000000000000006
TG3422TZLMMP1,ANIO_ANTERIOR,False,12,0.06000000000000003
TG3422TZLMMP2,ANIO_ANTERIOR,False,12,0.05500000000000002
TG3422TZLRRP,ANIO_ANTERIOR,False,12,0.16000000000000006
TG3422TZLRRP1,ANIO_ANTERIOR,False,12,0.025000000000000005
TG3920TCLMMP,ANIO_ANTERIOR,False,12,0.16000000000000006
TG3920TCLMMP2,ANIO_ANTERIOR,False,12,0.010000000000000016
TG3920TCLRRP,ANIO_ANTERIOR,False,12,0.16000000000000006
TG3920TCLRRP1,ANIO_ANTERIOR,False,12,0.025000000000000005
TGCONTROL01,ANIO_ANTERIOR,False,12,0.16000000000000006
TGENSAYO0001,ANIO_ANTERIOR,False,12,0.16000000000000006
TGENSAYO0002,ANIO_ANTERIOR,False,12,0.16000000000000006
TGENSAYO0003,ANIO_ANTERIOR,False,12,0.16000000000000006
TGENSAYO0004,ANIO_ANTERIOR,False,12,0.16000000000000006
TGENSAYO0005,ANIO_ANTERIOR,False,12,0.11000000000000004
TGENSAYO0006,ANIO_ANTERIOR,False,12,0.16000000000000006
TGENSAYO0007,ANIO_ANTERIOR,False,12,0.16000000000000006
TGENSAYO0008,ANIO_ANTERIOR,False,12,0.16000000000000006
TGENSAYO0011,ANIO_ANTERIOR,False,12,0.16000000000000006
TGENSAYO0012,ANIO_ANTERIOR,False,12,0.16000000000000006
TGENSAYO0013,ANIO_ANTERIOR,False,12,0.060000000000000026
TGENSAYO00130,ANIO_ANTERIOR,False,12,0.060000000000000026
TGENSAYO0014,ANIO_ANTERIOR,False,12,0.060000000000000026
TGENSAYO0015,ANIO_ANTERIOR,False,12,0.025000000000000005
TGENSAYO0018,ANIO_ANTERIOR,False,12,0.16000000000000006
TGENSAYO0021,ANIO_ANTERIOR,False,12,0.030000000000000006
TGENSAYO0028,ANIO_ANTERIOR,False,12,0.11000000000000004
TGENSAYO0029,ANIO_ANTERIOR,False,12,0.11000000000000004
TGENSAYO0030,ANIO_ANTERIOR,False,12,0.11000000000000004
TGENSAYO0034,ANIO_ANTERIOR,False,12,0.11000000000000004
TGENSAYO0035,ANIO_ANTERIOR,False,12,0.11000000000000004
TGENSAYO0036,ANIO_ANTERIOR,False,12,0.05000000000000002
TGENSAYO0038,ANIO_ANTERIOR,False,12,0.015000000000000001
TGENSAYO0039,ANIO_ANTERIOR,False,12,0.020000000000000004
TGENSAYO0040,ANIO_ANTERIOR,False,12,0.060000000000000026
TGENSAYO0041,ANIO_ANTERIOR,False,12,0.11000000000000004
TGENSAYO0043,ANIO_ANTERIOR,False,12,0.060000000000000026
TGENSAYO0044,ANIO_ANTERIOR,False,12,0.060000000000000026
TGENSAYO0045,ANIO_ANTERIOR,False,12,0.060000000000000026
TGENSAYO0054,ANIO_ANTERIOR,False,12,0.11000000000000004
TGENSAYO0059,ANIO_ANTERIOR,False,12,0.16000000000000006
TGENSAYO0063,ANIO_ANTERIOR,False,12,0.11000000000000004
TGENSAYO0064,ANIO_ANTERIOR,False,12,0.16000000000000006
TGENSAYO0090,ANIO_ANTERIOR,False,12,0.16000000000000006
TGENSAYO0121,ANIO_ANTERIOR,False,12,0.11000000000000004
TGENSAYO0122,ANIO_ANTERIOR,False,12,0.11000000000000004
TGENSAYO0123,ANIO_ANTERIOR,False,12,0.11000000000000004
TGENSAYO0124,ANIO_ANTERIOR,False,12,0.015000000000000001
TGENSAYO0125,ANIO_ANTERIOR,False,12,0.06000000000000003
TGENSAYO0126,ANIO_ANTERIOR,False,12,0.060000000000000026
TGENSAYO0128,ANIO_ANTERIOR,False,12,0.11000000000000004
TGENSAYO0134,ANIO_ANTERIOR,False,12,0.060000000000000026
TGENSAYO0135,ANIO_ANTERIOR,False,12,0.060000000000000026
TT000624ELRP,ANIO_ANTERIOR,False,12,0.060000000000000026
TT052525CLRC,ANIO_ANTERIOR,False,12,0.16000000000000006
TT052525CLRP,ANIO_ANTERIOR,False,12,0.16000000000000006
TT061224HVRP,ANIO_ANTERIOR,False,12,0.020000000000000004
TT061224LVRC,ANIO_ANTERIOR,False,12,0.060000000000000026
TT061224LVRP,ANIO_ANTERIOR,False,12,0.11000000000000004
TT061224VLRP,ANIO_ANTERIOR,False,12,0.16000000000000006
TT071919CJRP,ANIO_ANTERIOR,False,12,0.16000000000000006
TT082340RHRP,ANIO_ANTERIOR,False,12,0.11000000000000004
TT082380QHRC,KRR,True,12,0.060000000000000026
TT082380QHRP,KRR,True,12,0.015000000000000001
TT082380QHRPTG,ANIO_ANTERIOR,False,12,0.06000000000000003
TT082380QHRX,ANIO_ANTERIOR,False,12,0.060000000000000026
TT100626NLRP,ANIO_ANTERIOR,False,12,0.16000000000000006
TT100628CLRP,ANIO_ANTERIOR,False,12,0.16000000000000006
TT101330LHRC,ANIO_ANTERIOR,False,12,0.04500000000000001
TT101330LHRP,ANIO_ANTERIOR,False,12,0.030000000000000006
TT101330LVRC,ANIO_ANTERIOR,False,12,0.11000000000000004
TT101330LVRP,ANIO_ANTERIOR,False,12,0.05000000000000002
TT1741TTLRRC,ANIO_ANTERIOR,False,12,0.16000000000000006
TT1741TTLRRP,ANIO_ANTERIOR,False,12,0.16000000000000006
TT201030RHRC,ANIO_ANTERIOR,False,12,0.11000000000000004
TT201030RHRP,ANIO_ANTERIOR,False,12,0.060000000000000026
TT201040RVRP,ANIO_ANTERIOR,False,12,0.025000000000000005
TT201220LVRP,ANIO_ANTERIOR,False,12,0.11000000000000004
TT201240LVRP,ANIO_ANTERIOR,False,12,0.060000000000000026
TT2146TELRRC,ANIO_ANTERIOR,False,12,0.16000000000000006
TT2146TELRRP,ANIO_ANTERIOR,False,12,0.16000000000000006
TT2945LRLRRC,ANIO_ANTERIOR,False,12,0.11000000000000004
TT2945TRLRRC,ANIO_ANTERIOR,False,12,0.060000000000000026
TT2945TRLRRP,ANIO_ANTERIOR,False,12,0.04500000000000001
TTCONTROL1,ANIO_ANTERIOR,False,12,0.16000000000000006
TTENSAYO0002,ANIO_ANTERIOR,False,12,0.11000000000000004
TTENSAYO0014,ANIO_ANTERIOR,False,12,0.16000000000000006
