codigo_producto,producto,meses_con_ventas,pct_continuidad,volumen_total
MC201230RHRP,LADRILLO FAROL PH DE 12 RAYADO ROJO PRIMERA,62,100.0,8826553.0
TT082380QHRP,LADRILLO BLOQUELON X 80 PRIMERA,62,100.0,5365834.0
MC201030RHRP,LADRILLO FAROL PH DE 10 RAYADO ROJO PRIMERA,62,100.0,4803884.0
MC201230RHRC,LADRILLO FAROL PH DE 12 RAYADO ROJO COMERCIAL,62,100.0,2368732.0
MC201030RHRC,LADRILLO FAROL PH DE 10 RAYADO ROJO COMERCIAL,62,100.0,1226490.0
TT082380QHRC,LADRILLO BLOQUELON X 80 COMERCIAL,62,100.0,1185166.0
MC201215RHRP,LADRILLO FAROL PH DE 12 MEDIO RAYADO ROJO PRIMERA,62,100.0,1092283.0
MC101330LVRP,LADRILLO ESTRUCTURAL PV X 10 LISO ROJO PRIMERA,62,100.0,629390.0
MC201015RHRP,LADRILLO FAROL PH DE 10 MEDIO RAYADO ROJO PRIMERA,62,100.0,542365.0
MC201230RVRP,LADRILLO TERMINAL PV DE 12 RAYADO ROJO PRIMERA,62,100.0,408779.0
MC201215RHRC,LADRILLO FAROL PH DE 12 MEDIO RAYADO ROJO COMERCIA,61,98.39,51154.0
TG092020CLRP,LOMO DE BALLENA 20X20 LISO ROJO PRIMERA,60,96.77,13296.0
TT2945TRLRRP,TEJA ROMANA PRIMERA,59,95.16,1132928.0
MC201030RVRP,LADRILLO TERMINAL PV DE 10 RAYADO ROJO PRIMERA,59,95.16,231410.0
MC201015RHRC,LADRILLO FAROL PH DE 10 MEDIO RAYADO ROJO COMERCIA,59,95.16,23161.0
TG001020CLAP,REMATE ARAGON 10X20 LISO ARENA PRIMERA,58,93.55,9553.0
MC101330LHRP,LADRILLO COMPLEMENTO PH X 10 LISO ROJO PRIMERA,57,91.94,497616.0
TG002025CLAP,HUELLA  ESCALERA 25X20 LISA ARENA PRIMERA,56,90.32,6932.0
TG002025CLRP,HUELLA  ESCALERA 25X20 LISA ROJA PRIMERA,56,90.32,5898.0
MC051020DRRP,ADOQUIN RECTANGULAR X5 RUSTICO ROJO PRIMERA,55,88.71,1360586.0
MC061224LVRP,LADRILLO CARAVISTA LISO ROJO PRIMERA,55,88.71,997351.0
MC031020DRRP,ADOQUIN RECTANGULAR  X3 RUSTICO ROJO PRIMERA,53,85.48,385516.0
MC201240LVRP,LADRILLO ESTRUCTURAL 20X12X40 LISO ROJO PRIMERA,51,82.26,198400.0
TG061224LVAP,LADRILLO CARAVISTA ARKITEKT LISO ARENA PRIMERA,50,80.65,314694.0
TG001020CLRP,REMATE ARAGON 10X20 LISO ROJO PRIMERA,48,77.42,20623.0
TG092020CLAP,LOMO DE BALLENA 20X20 LISO ARENA PRIMERA,48,77.42,5188.4
MC101330LHRC,LADRILLO COMPLEMENTO PH X 10 LISO ROJO COMERCIAL,47,75.81,66087.0
TG061430LVAP,LADRILLO ROMANO ARKITEKT LISO ARENA PRIMERA,44,70.97,803318.0
TG051439HVAP,LADRILLO GRAN FORMATO ARKITEKT 145 RÚSTICO ARENA P,42,67.74,104500.0
TG000725ARTE,TABLETA ITALICA 7X25 RÚSTICA TERRAZO  ECOGRES,42,67.74,2565.0
MC101330LVRC,LADRILLO ESTRUCTURAL PV X 10 LISO ROJO  COMERCIAL,40,64.52,37360.0
TG001020ALRP1,TABLETA CLASICA 10X20 LISA ROJA PRIMERA TONO 1,38,61.29,266291.86
TG000725ALRP1,TABLETA ITALICA 7X25 LISA ROJA PRIMERA TONO 1,38,61.29,112083.06
TG000725ALAP1,TABLETA ITALICA 7X25 LISA ARENA PRIMERA TONO 1,38,61.29,107391.36
TG001020ALDP1,TABLETA CLASICA 10X20 LISA CEDRO ROJO PRIMERA TONO,38,61.29,70234.16
TG001020ALAP1,D TABLETA CLASICA 10X20 LISA ARENA PRIMERA TONO 1,38,61.29,38778.86
TG000725ALTE,TABLETA ITALICA 7X25 LISA TERRAZO ECOGRES,38,61.29,2359.0
MC051020DRRC,ADOQUIN RECTANGULAR X5 RUSTICO ROJO COMERCIAL,37,59.68,79180.0
TG000725ALMP1,TABLETA ITALICA 7X25 LISA MORO PRIMERA TONO 1,36,58.06,45879.56
TG000725ALRE,D TABLETA ITALICA 7X25 LISA ROJA ECOGRES - POPUL,36,58.06,24989.5
TG000725ALAE,TABLETA ITALICA 7X25 LISA ARENA ECOGRES,36,58.06,16676.5
TG001020ALRE,TABLETA CLASICA 10X20 LISA ROJA ECOGRES,34,54.84,108898.5
TG001020ALMP1,D TABLETA CLASICA 10X20 LISA MORO PRIMERA TONO 1,34,54.84,13168.86
TG000725ALME,TABLETA ITALICA 7X25 LISA MORO ECOGRES,34,54.84,11041.5
TG002020CLRP,CONTRAHUELLA ESCALERA 20X20 LISA ROJO PRIMERA,34,54.84,1810.0
MC000624ELRP,ENCHAPE CARAVISTA LISO ROJO PRIMERA,33,53.23,136680.0
MC061224HVRP,LADRILLO CARAVISTA CORCHO ROJO PRIMERA,33,53.23,131639.0
TT082340RHRP,LADRILLO DIVISORIO X40 RAYADO ROJO PRIMERA,33,53.23,15459.0
TG000920CLPP,D GUARDAESCOBA COLONIAL LISO ROBLE PRIMERA,33,53.23,1397.0
MC081020DRRP,ADOQUIN RECTANGULAR X8 RUSTICO ROJO PRIMERA,31,50.0,60716.0
TG000725ALTP,TABLETA ITALICA 7X25 LISA TERRAZO PRIMERA,31,50.0,11092.5
TG000725ARTP,TABLETA ITALICA 7X25 RÚSTICA TERRAZO  PRIMERA,30,48.39,3883.0
TG000920CLRP,GUARDAESCOBA COLONIAL LISO ROJO PRIMERA,29,46.77,10916.0
TG061224LVAB,LADRILLO CARAVISTA ARKITEKT LISO ARENA PRIMERA B,28,45.16,34448.0
MC061224LVRC,LADRILLO CARAVISTA LISO ROJO COMERCIAL,27,43.55,65558.0
TG051439HVAC,LADRILLO GRAN FORMATO ARKITEKT 145 RÚSTICO ARENA C,27,43.55,55079.0
TG001020ALME,D TABLETA CLASICA 10X20 LISA MORO ECOGRES,27,43.55,3544.5
TG000725ALRE1,TABLETA ITALICA 7X25 LISA ROJO ECOGRES T1,26,41.94,7978.2
TG000725ARRP1,TABLETA ITALICA 7X25 RUSTICA ROJO PRIMERA T1,26,41.94,5615.5
TG000920CLDP,GUARDAESCOBA COLONIAL LISO CEDRO ROJO PRIMERA,26,41.94,793.0
TG000626ELAP,LADRILLO E ARKITEKT 1/4X26  LISO ARENA PRIMERA,25,40.32,771963.0
TT082380QHRX,LADRILLO BLOQUELON X 80 EXTRA,25,40.32,63553.0
TG001020ALRE1,TABLETA CLASICA 10X20 LISA ROJO ECOGRES T1,25,40.32,31824.0
MC201230RVRC,LADRILLO TERMINAL PV DE 12 RAYADO ROJO COMERCIAL,25,40.32,18478.0
TG001010ARRP1,TABLETA SALAMINA 10X10 RUSTICA ROJO PRIMERA T1,25,40.32,7325.0
TG001020ALAE,D TABLETA CLASICA 10X20 LISA ARENA ECOGRES,25,40.32,5488.5
TG000725ALAE1,TABLETA ITALICA 7X25 LISA ARENA ECOGRES T1,25,40.32,2976.0
TG001020ALDE,TABLETA CLASICA 10X20 LISA CEDRO ROJO ECOGRES,24,38.71,26955.5
MC201520CCRP,LADRILLO CALADO CIRCULO DE 15 ROJO PRIMERA,24,38.71,5935.0
TG000725ALYP,TABLETA ITALICA 7X25 LISA SPETTRO PRIMAVERA PRIMER,24,38.71,3879.0
TG000626ELAP1,LADRILLO E ARKITEKT 1/4X26  LISO ARENA PRIMERA T1,22,35.48,916554.0
TG000725ALRP,TABLETA ITALICA 7X25 LISA ROJA PRIMERA,22,35.48,85442.0
TG001020ALRP2,TABLETA CLASICA 10X20 LISA ROJO PRIMERA T2,22,35.48,65114.0
TG010624ELAP,ENCHAPE TRADICIONAL ARKITEKT LISO ARENA PRIMERA,22,35.48,47554.0
TG000725ALMP,TABLETA ITALICA 7X25 LISA MORO PRIMERA,22,35.48,30699.0
TG031020DRAP,ADOQUIN RECTANGULAR DE 3 ARENA PRIMA,22,35.48,25957.0
TG001020ALRX,TABLETA CLASICA 10X20 LISA ROJA EXTRA,22,35.48,19507.0
TG001020ALDE1,TABLETA CLASICA 10X20 LISA CEDRO ROJO ECOGRES T1,22,35.48,10162.3
TG061224LVAC,LADRILLO CARAVISTA ARKITEKT LISO ARENA COMERCIAL,22,35.48,8189.0
TG001020ALAE1,TABLETA CLASICA 10X20 LISA ARENA ECOGRES T1,22,35.48,7942.0
TG001020ALRP,TABLETA CLASICA 10X20 LISA ROJA PRIMERA,21,33.87,148989.0
MC201240LVRC,LADRILLO ESTRUCTURAL 20X12X40 LISO ROJO COMERCIAL,21,33.87,25176.0
TG000725ALRP2,TABLETA ITALICA 7X25 LISA ROJO PRIMERA T2,21,33.87,19439.0
TG001020ALDP2,TABLETA CLASICA 10X20 LISA CEDRO ROJO PRIMERA T2,21,33.87,10590.0
MC120620DRRP,LADRILLO BORDE DE ANDEN RUSTICO ROJO PRIMERA,21,33.87,9372.0
TG000725ALSE,TABLETA ITALICA 7X25 LISA SALMON ECOGRES,21,33.87,2200.0
TG000626ELRP1,LADRILLO E ARKITEKT 1/4X26  LISO ROJO PRIMERA T1,20,32.26,173363.0
TG000725ALMP2,TABLETA ITALICA 7X25 LISA MORO PRIMERA T2,20,32.26,31013.0
MC201220LVRP,LADRILLO ESTRUCTURAL MEDIO 20X12X20 ROJO PRIMERA,20,32.26,16838.0
TG000725ARRP,TABLETA ITALICA 7X25 RÚSTICA ROJO  PRIMERA,20,32.26,7171.36
TG000725ALME1,TABLETA ITALICA 7X25 LISA MORO ECOGRES T1,20,32.26,2313.0
TG001020ALRE2,TABLETA CLASICA 10X20 LISA ROJO ECOGRES T2,19,30.65,20930.0
TG000725ALAP2,TABLETA ITALICA 7X25 LISA ARENA PRIMERA T2,19,30.65,6098.0
TG000725ARSP,TABLETA ITALICA 7X25 RÚSTICA SALMON PRIMERA,19,30.65,3493.0
TG001010ALTP,D TABLETA CUMANDAY 10X10 LISA TERRAZO PRIMERA,19,30.65,70.0
MC051020KRRP,ADOQUIN CORBATIN X5 RUSTICO ROJO PRIMERA,18,29.03,66211.0
TT2945TRLRRC,TEJA ROMANA CALIDAD COMERCIAL,18,29.03,29258.0
TG001010ARRP,TABLETA SALAMINA BORDE 10X10 RÚSTICA ROJA PRIMERA,18,29.03,6874.0
TG000725ARSE,TABLETA ITALICA 7X25 RÚSTICA SALMON ECOGRES,18,29.03,492.0
MC131330LHRP,LADRILLO COMPLEMENTO PH X 13 LISO ROJO PRIMERA,17,27.42,62432.0
TG010624ELRP,ENCHAPE TRADICIONAL ARKITEKT LISO ROJO PRIMERA,17,27.42,5408.0
TG002020CLAP,CONTRAHUELLA ESCALERA 20X20 LISA ARENA PRIMERA,17,27.42,4022.0
TG001020CLRE,REMATE ARAGON 10X20 LISO ROJO ECOGRES,17,27.42,1183.0
TG000725ARAE,TABLETA ITALICA 7X25 RÚSTICA ARENA  ECOGRES,17,27.42,344.0
TG000325ALSP,D TABLETA LAPIZ 35X25 LISA SALMON PRIMERA,17,27.42,164.0
TG000624LLAP,LADRILLO E ARKITEKT CUARTOX24 LISO ARENA PRIMERA,16,25.81,303161.0
TG000626ELMP,LADRILLO E ARKITEKT 1/4X26 LISO MORO PRIMERA,16,25.81,132982.0
MC061224HVEP,LADRILLO CARAVISTA CORCHO RECOCIDO PRIMERA,16,25.81,114803.0
TT101330LVRP,TT LADRILLO ESTRUCTURAL PV X 10 LISO ROJO PRIMERA,16,25.81,38354.0
TG001020ALMP,D TABLETA CLASICA 10X20 LISA MORO PRIMERA,16,25.81,9551.0
MC201020CTRP,LADRILLO CALADO TREBOL DE 10 ROJO PRIMERA,16,25.81,7574.0
TG001020ALMP2,TABLETA CLASICA 10X20 LISA MORO PRIMERA T2,16,25.81,4344.0
TG002025CLRE,HUELLA  ESCALERA 25X20 LISA ROJA ECOGRES,16,25.81,715.0
TT061224LVRP,TT LADRILLO CARAVISTA LISO ROJO PRIMERA,15,24.19,425233.0
TG051239HVAP,LADRILLO GRAN FORMATO ARKITEKT 12 RUSTICO ARENA P,15,24.19,32973.0
TG061430LVAB,LADRILLO ROMANO ARKITEKT LISO ARENA PRIMERA B,15,24.19,31308.0
TG010624ELMP,ENCHAPE TRADICIONAL ARKITEKT LISO MORO PRIMERA,15,24.19,29438.0
TG061020DRRP1,ADOQUIN FORTE X6 RUSTICO ROJO PRIMERA T1,15,24.19,28529.0
MC201020CCRP,LADRILLO CALADO CIRCULO DE 10 ROJO PRIMERA,15,24.19,20991.0
TG001020ALDP,TABLETA CLASICA 10X20 LISA CEDRO ROJO PRIMERA,15,24.19,13350.0
TG001020ALAP2,TABLETA CLASICA 10X20 LISA ARENA PRIMERA T2,15,24.19,9158.0
TT100626NLRP,ADOQUÍN CAÑUELA ROJO PRIMERA,15,24.19,3186.0
TG000725ARRP2,TABLETA ITALICA 7X25 RUSTICA ROJO PRIMERA T2,15,24.19,1598.0
TG001010ARRP2,TABLETA SALAMINA 10X10 RUSTICA ROJO PRIMERA T2,15,24.19,1461.0
TG000725ALME2,TABLETA ITALICA 7X25 LISA MORO ECOGRES T2,15,24.19,542.0
TG001010ARAE,D TABLETA SALAMINA 10X10 RÚSTICA ARENA ECOGRES,15,24.19,217.0
TG041020DRRP1,LADRILLO ADOQUIN FORTE X4 RUSTICO ROJO PRIMERA T1,14,22.58,581675.0
TG000626ELRP,LADRILLO E  ARKITEKT 1/4X26 LISO ROJO PRIMERA,14,22.58,189889.0
TT101330LHRP,TT LADRILLO COMPLEMENTO PH X 10 LISO ROJO PRIMERA,14,22.58,65210.0
MC131330LVRP,LADRILLO ESTRUCTURAL PV X 13 LISO ROJO PRIMERA,14,22.58,54793.0
TG051239HVMP,LADRILLO GRAN FORMATO ARKITEKT 12 RUSTICO MORO P,14,22.58,35936.0
TG000725ALAP,TABLETA ITALICA 7X25 LISA ARENA PRIMERA,14,22.58,31216.0
TG001020CLRP1,REMATE ARAGON 10X20 LISO ROJO PRIMERA T1,14,22.58,2721.0
TGENSAYO0038,E TG TABLETON 15X15 LISO ROJO,14,22.58,1483.2
TG000725ARIP,D TABLETA ITALICA 7X25 RÚSTICA FIRENZE  PRIMERA,14,22.58,563.0
TG021020DRRP1,LADRILLO ADOQUIN FORTE X2 RUSTICO ROJO PRIMERA T1,13,20.97,98222.0
TG000630ELAP,ENCHAPE ROMANO ARKITEKT LISO ARENA PRIMERA,13,20.97,67392.0
MC031020KRRP,ADOQUIN CORBATIN X3 RUSTICO ROJO PRIMERA,13,20.97,27388.0
MC051020LMRP,LADRILLO BOCADILLO MACIZO LISO  ROJO PRIMERA,13,20.97,18118.0
TG3422TZLMMP2,TEJA PIZARRA MORO PRIMERA T2,13,20.97,5263.0
TG3422TZLMMP,TEJA PIZARRA MORO PRIMERA,13,20.97,4356.0
TG3422TZLRRP,TEJA PIZARRA ROJA PRIMERA,13,20.97,1890.0
TGENSAYO0063,TABLETON 15X20 LISO CEDRO ROJO,13,20.97,591.0
TG000624ALAP,TABLETA ARKITEKT LISO ARENA PRIMERA,13,20.97,344.0
TG000725ALOP,D TABLETA ITALICA 7X25 LISA MORO FUME PRIMERA,13,20.97,248.0
TG000626ELMP1,LADRILLO E ARKITEKT 1/4X26  LISO MORO PRIMERA T1,12,19.35,122862.0
TT201040RVRP,LADRILLO TERMINAL PV 10X40 RAYADO PRIMERA,12,19.35,49710.0
TG061224LVRP,LADRILLO CARAVISTA ARKITEKT LISO ROJO PRIMERA,12,19.35,46678.0
TGENSAYO0021,E ADOQUIN ECOLOGICO X7 ROJO,12,19.35,22970.0
MCENSAYO0003,E LADRILLO TERMINAL PV DE 10X40 RAYADO ROJO,12,19.35,19740.0
TG061224LVMB,LADRILLO CARAVISTA ARKITEKT LISO MORO PRIMERA B,12,19.35,14684.0
TG001020ALAP,D TABLETA CLASICA 10X20 LISA ARENA PRIMERA,12,19.35,6326.0
TG191910CCAP,LADRILLO CELOSIA MARCO ARKITEKT ARENA PRIMERA,12,19.35,4587.0
TG000725ARMP,TABLETA ITALICA 7X25 RÚSTICA MORO  PRIMERA,12,19.35,2915.0
TG000725ARAP,TABLETA ITALICA 7X25 RÚSTICA ARENA  PRIMERA,12,19.35,1242.0
TG000325ALAP,D TABLETA LAPIZ 35X25 LISA ARENA PRIMERA,12,19.35,392.0
TG01010T092P,D TOCETO 10X10 T-092 PRIMERA,12,19.35,341.0
TG01010T018P,D ESQUINERO 10X10  E-018 PRIMERA,12,19.35,253.0
TG01010T093P,D TOCETO 10X10 T-093 PRIMERA,12,19.35,149.0
MC131330LHRC,LADRILLO COMPLEMENTO PH X 13 LISO ROJO  COMERCIAL,11,17.74,29693.0
MC051022LMRP,LADRILLO BOCADILLODE 22 MACIZO LISO ROJO PRIMERA,11,17.74,16444.0
MC031020DRRC,ADOQUIN RECTANGULAR X3 RUSTICO ROJO COMERCIAL,11,17.74,12800.0
MC071919CJRP,ADOQUÍN ECOLOGICO ROJO PRIMERA,11,17.74,10469.0
MCENSAYO0005,E LADRILLO ROMANO DE 14 5 ROJO,11,17.74,6518.0
TG001010ARRE1,TABLETA SALAMINA 10X10 RUSTICA ROJO ECOGRES T1,11,17.74,792.0
TG000515ERMP,SPACATTO 5X15 RÚSTICO MORO PRIMERA,11,17.74,47.0
TG061224LVMP,LADRILLO CARAVISTA ARKITEKT LISO MORO PRIMERA,10,16.13,28027.0
TGENSAYO0036,E TG LADRILLO GRAN FORMATO X12 RUSTICO BLANCO,10,16.13,23808.0
MC061224DMRP,ADOQUIN RECTANGULAR 6X12X24 RUSTICO  ROJO PRIMERA,10,16.13,12382.0
MC000624EREP,ENCHAPE CARAVISTA CORCHO RECOCIDO PRIMERA,10,16.13,11872.0
TG01010T095P,D TOCETO 10X10 T-095 PRIMERA,10,16.13,381.0
TG01010T091P,D TOCETO 10X10 T-091 PRIMERA,10,16.13,351.0
TG000725ARQP,TABLETA ITALICA 7X25 RÚSTICA SPETTRO OTOÑO PRIMERA,10,16.13,338.0
TG01010T094P,D TOCETO 10X10 T-094 PRIMERA,10,16.13,162.0
TG00314NGU1P,GUIÓN 35X14 LOTE 1 PRIMERA,10,16.13,94.0
TG00714N601P,NUMERO 6 LOTE 1 PRIMERA,10,16.13,50.0
TG121206DRRP,LADRILLO BORDE DE ANDEN MEDIO RUSTICO ROJO PRIMERA,9,14.52,48833.0
TG001020ALDESR,TABLETA CLASICA 10X20 LISA CEDRO ROJO ECOGRES SR,9,14.52,2098.0
TG001020ALAE2,TABLETA CLASICA 10X20 LISA ARENA ECOGRES T2,9,14.52,836.0
TG01010T066P,D TOCETO 10X10 T-066 PRIMERA,9,14.52,461.0
TG3920TCLMMP,TEJA CUMBRERA MORO PRIMERA,9,14.52,452.0
TG001020ALYP,TABLETA CLASICA 10X20 LISA SPETTRO PRIMAVERA PRIME,9,14.52,427.0
TG000325ALMP,D TABLETA LAPIZ 35X25 LISA MORO PRIMERA,9,14.52,229.0
TG01010T096P,D TOCETO 10X10 T-096 PRIMERA,9,14.52,131.0
TG00714N401P,NUMERO 4 LOTE 1 PRIMERA,9,14.52,32.0
TG00714NR01P,LETRA R LOTE 1 PRIMERA,9,14.52,32.0
TG00714N201P,NUMERO 2 LOTE 1 PRIMERA,9,14.52,12.0
TGENSAYO0015,E ADOQUIN RECTANGULAR X4 ROJO,8,12.9,139464.0
TG000626ELRP2,LADRILLO E ARKITEKT 1/4X26 LISO ROJO PRIMERA T2,8,12.9,68544.0
MC131330LVRC,LADRILLO ESTRUCTURAL PV X 13 LISO ROJO  COMERCIAL,8,12.9,39951.0
TG021020DRAP1,LADRILLO ADOQUIN FORTE X2 RUSTICO ARENA PRIMERA T1,8,12.9,24836.0
TG041020DRRP2,LADRILLO ADOQUIN FORTE X4 RUSTICO ROJO PRIMERA T2,8,12.9,23402.0
TGENSAYO0014,E LADRILLO ESQUINERO ARENA X 30,8,12.9,17849.0
TG061224LVMC,LADRILLO CARAVISTA ARKITEKT LISO MORO COMERCIAL,8,12.9,17602.0
TG001020ALRESR,TABLETA CLASICA 10X20 LISA ROJO ECOGRES SR,8,12.9,6987.0
MC201030RVRC,LADRILLO TERMINAL PV DE 10 RAYADO ROJO COMERCIAL,8,12.9,6406.0
TG061216CLLP,LADRILLO JAMBA  SALMONA ARENA PRIMERA,8,12.9,5694.0
TG000725ALRE2,TABLETA ITALICA 7X25 LISA ROJO ECOGRES T2,8,12.9,5341.0
TG3920TCLMMP2,TEJA CUMBRERA MORO PRIMERA,8,12.9,3362.0
TG001020ALDE2,TABLETA CLASICA 10X20 LISA CEDRO ROJO ECOGRES T2,8,12.9,2908.0
TG092020CLRE,LOMO DE BALLENA 20X20 LISO ROJO ECOGRES,8,12.9,916.0
TG000725ARYP,TABLETA ITALICA 7X25 RÚSTICA SPETTRO PRIMAVERA PRI,8,12.9,734.0
TG120620DRRP,LADRILLO BORDE DE ANDEN RUSTICO ROJO PRIMERA,8,12.9,455.0
TGENSAYO0045,E TG TABLETA 7X25 RUSTICA ARENA T1,8,12.9,447.0
TG000325ARTP,D TABLETA LAPIZ 35X25 RUSTICA TERRAZO PRIMERA,8,12.9,146.0
TG000624ALMP,TABLETA ARKITEKT LISO MORO PRIMERA,8,12.9,99.0
TG00314NSE1P,SEPARADOR 35X14 LOTE 1 PRIMERA,8,12.9,96.0
TG000624ALGE,TABLETA ARKITEKT LISO GRIS ECOGRES,8,12.9,71.0
TG00047NES4P,D ESQUINERO LOTE 4 PRIMERA,8,12.9,42.0
TG00714NA01E,LETRA A LOTE 1 ECOGRES,8,12.9,22.0
TG00714NA03P,D LETRA A LOTE 3 PRIMERA,8,12.9,22.0
TG00714NM01P,LETRA M LOTE 1 PRIMERA,8,12.9,11.0
TG00714N801P,NUMERO 8 LOTE 1 PRIMERA,8,12.9,8.0
MC001030ELRP,ENCHAPE X 10 LISO ROJO PRIMERA,7,11.29,16182.0
TG061224LVGC,LADRILLO CARAVISTA ARKITEKT LISO GRIS COMERCIAL,7,11.29,13674.0
MC201240RHRP,LADRILLO FAROL PH 6H DE 12X40 RAYADO ROJO PRIMERA,7,11.29,11533.0
TG061214LLAP,LADRILLO ESQUINERO ARKITEKT CORTO LISO ARENA PRIME,7,11.29,11013.0
TT061224HVRP,TT LADRILLO CARAVISTA CORCHO ROJO PRIMERA,7,11.29,10450.0
TT2146TELRRP,TEJA ESPAÑOLA PRIMERA,7,11.29,8738.0
TGENSAYO0001,E CARAVISTA ARKITEKT LISO LIMAYA,7,11.29,3790.0
TGENSAYO0043,E TG LADRILLO ADOQUIN CUADRADO X1.8 RUSTICO BLANCO,7,11.29,1257.0
TG000725ARAP1,TABLETA ITALICA 7X25 RUSTICA ARENA PRIMERA T1,7,11.29,1187.0
TG000725ALSP,TABLETA ITALICA 7X25 LISA SALMON PRIMERA,7,11.29,708.0
TG01010T062P,D TOCETO 10X10 T-062 PRIMERA,7,11.29,606.0
TG001515BLRP,D TABLON CARIBE 15X15 LISO ROJO,7,11.29,553.0
TG01010T015P,D ESQUINERO 10X10 E-015 PRIMERA,7,11.29,501.0
TG01010T053P,TOCETO 10X10 T-053 PRIMERA,7,11.29,450.0
TG001020ALAESR,TABLETA CLASICA 10X20 LISA ARENA ECOGRES SR,7,11.29,360.0
TG000725ALFP,D TABLETA ITALICA 7X25 LISA ROJO FUME PRIMERA,7,11.29,342.0
TG001020ALME1,TABLETA CLASICA 10X20 LISA MORO ECOGRES T1,7,11.29,221.0
TG01010T098P,D TOCETO 10X10 T-098 PRIMERA,7,11.29,190.0
TG002020CLAE,CONTRAHUELLA ESCALERA 20X20 LISA ARENA ECOGRES,7,11.29,183.0
TG000624ALRP,TABLETA  ARKITEKT LISO ROJO PRIMERA,7,11.29,162.0
TG00714N101P,NUMERO 1 LOTE 1 PRIMERA,7,11.29,124.0
TG01010T011P,D ESQUINERO 10X10 E-011 PRIMERA,7,11.29,59.0
TG000325ARMP,D TABLETA LAPIZ 35X25 RUSTICA MORO PRIMERA,7,11.29,52.0
TG00714NO01P,LETRA O LOTE 1 PRIMERA,7,11.29,52.0
TG00714N501P,NUMERO 5 LOTE 1 PRIMERA,7,11.29,48.0
TG00714N602P,NUMERO 6 LOTE 2 PRIMERA,7,11.29,35.0
TG00714NC02P,LETRA C LOTE 2 PRIMERA,7,11.29,35.0
TG00714NI01P,LETRA I LOTE 1 PRIMERA,7,11.29,28.0
TG00714NC01P,LETRA C LOTE 1 PRIMERA,7,11.29,22.0
TG00714N301P,NUMERO 3 LOTE 1 PRIMERA,7,11.29,19.0
TG000820ALRP,D TABLETA FACHALISA 8X20 LISA ROJO PRIMERA,7,11.29,18.0
TG00714N103P,D NUMERO 1 LOTE 3 PRIMERA,7,11.29,17.0
TG00714NE01P,LETRA E LOTE 1 PRIMERA,7,11.29,16.0
TG00714NS01P,LETRA S LOTE 1 PRIMERA,7,11.29,12.0
TG00714NU01P,LETRA U 7X14 LOTE 1 PRIMERA,7,11.29,11.0
TG00714NN01P,LETRA N LOTE 1 PRIMERA,7,11.29,10.0
TG00047NC04P,D LETRA C LOTE 4 PRIMERA,7,11.29,9.0
MCENSAYO0004,E LADRILLO ESTRUCTURAL PV 20X12X40,6,9.68,25389.0
TT2945LRLRRC,LADRILLO ROMANO S CALIDAD COMERCIAL,6,9.68,12830.0
TT101330LHRC,TT LADRILLO COMPLEMENTO PH 10 LISO ROJO COMERCIAL,6,9.68,2057.0
TG002020BLAE,TABLON 20 X 20 ROMANO ARENA ECOGRES,6,9.68,1947.0
TG002020BLRE,TABLON 20X20 ROMANO ROJO ECOGRES,6,9.68,1405.0
TG000325ALTP,D TABLETA LAPIZ 35X25 LISA TERRAZO PRIMERA,6,9.68,1011.0
TG3920TCLRRP,TEJA CUMBRERA ROJA PRIMERA,6,9.68,991.0
TG3422TZLRRP1,TEJA PIZARRA ROJA PRIMERA T1,6,9.68,633.0
TG01010T063P,D TOCETO 10X10 T-063 PRIMERA,6,9.68,355.0
TG000725ARWP,TABLETA ITALICA 7X25 RÚSTICA SPETTRO INVIERNO PRIM,6,9.68,340.0
TG000725ALWP,TABLETA ITALICA 7X25 LISA SPETTRO INVIERNO PRIMERA,6,9.68,215.0
TG000725ALVP,TABLETA ITALICA 7X25 LISA SPETTRO VERANO PRIMERA,6,9.68,202.0
TG000725ALQP,TABLETA ITALICA 7X25 LISA SPETTRO OTOÑO PRIMERA,6,9.68,189.0
TG002020BLAP,TABLON 20 X 20 ROMANO ARENA PRIMERA,6,9.68,161.0
TG01020C016P,D CENEFA 10X20 C-016 PRIMERA,6,9.68,149.0
TG000325ARSP,D TABLETA LAPIZ 35X25 RUSTICA SALMON PRIMERA,6,9.68,109.0
TG00714NL02P,LETRA L LOTE 2 PRIMERA,6,9.68,91.0
TGENSAYO0124,E TG TABLON 24X24 LISO ARENA,6,9.68,77.0
TG00714N202P,NUMERO 2 LOTE 2 PRIMERA,6,9.68,71.0
TG00714NS02P,LETRA S LOTE 2 PRIMERA,6,9.68,70.0
TG00714N502P,NUMERO 5 LOTE 2 PRIMERA,6,9.68,33.0
TG00714NV01P,LETRA V 7X14 LOTE 1 PRIMERA,6,9.68,33.0
TG00047NGU4P,D GUIÓN LOTE 4 PRIMERA,6,9.68,28.0
TG000325ALYP,D TABLETA LAPIZ 35X25 LISA SPETTRO PRIMAVERA PR,6,9.68,25.0
TG00714N303P,D NUMERO 3 LOTE 3 PRIMERA,6,9.68,16.0
TG00714N402P,NUMERO 4 LOTE 2 PRIMERA,6,9.68,14.0
TG00714NI03P,D LETRA I LOTE 3 PRIMERA,6,9.68,14.0
TG00714NC03P,D LETRA C LOTE 3 PRIMERA,6,9.68,10.0
TG00714NO03P,LETRA O LOTE 3 PRIMERA,6,9.68,6.0
TG082380QHRP,TG LADRILLO BLOQUELON X 80 PRIMERA,5,8.06,175320.0
TGENSAYO0039,E JAMBA LISO ROJO,5,8.06,21860.0
TG061225LVLC,LADRILLO CARAVISTA ARKITEKT SALMONA ARENA COMERCIA,5,8.06,8664.0
MC201040RHRC,N LADRILLO FAROL PH 3H DE 10X40 RAYADO ROJO COMERC,5,8.06,4555.0
MC121206DRRP,LADRILLO BORDE DE ANDEN MEDIO RUSTICO ROJO PRIMERA,5,8.06,3316.0
TT201220LVRP,TT LADRILLO ESTRUCTURAL MEDIO PV20X12X20 LISO ROJO,5,8.06,2850.0
MC050919DRRP,ADOQUIN RECTANGULAR VITRIFICADO X5 RUSTICO ROJO PR,5,8.06,2020.0
TG3422TZLMMP1,TEJA PIZARRA MORO PRIMERA T1,5,8.06,1714.0
TG001020ALFP,TABLETA CLASICA 10X20 LISA ROJA FUMÉ  PRIMERA,5,8.06,1688.0
TT052525CLRP,LADRILLO LAGRIMAL MURO 15 LISO ROJO PRIMERA,5,8.06,1540.0
TT1741TTLRRC,TEJA TUBO CALIDAD COMERCIAL,5,8.06,1534.0
TT2146TELRRC,TEJA ESPAÑOLA CALIDAD COMERCIAL,5,8.06,1497.0
TT052525CLRC,LADRILLO LAGRIMAL MURO 15 LISO ROJO COMERCIAL,5,8.06,981.0
TGENSAYO0135,E TG TABLETA 7X25 RUSTICA MORO T2,5,8.06,282.0
TG000725ARVP,TABLETA ITALICA 7X25 RÚSTICA SPETTRO VERANO PRIMER,5,8.06,160.0
TG00707T043P,TACO 7X7 T-043 PRIMERA,5,8.06,143.0
TG01020C026P,CENEFA 10X20 C-026 PRIMERA,5,8.06,95.0
TG00714N302P,NUMERO 3 LOTE 2 PRIMERA,5,8.06,58.0
TG01010T019P,D ESQUINERO 10X10 E-019 PRIMERA,5,8.06,51.0
TG01020C005P,CENEFA 10X20 C-005 PRIMERA,5,8.06,45.0
TG01010T036P,TOCETO 10X10 T-036 PRIMERA,5,8.06,27.0
TG00047N004P,D NUMERO 0 LOTE 4 PRIMERA,5,8.06,17.0
TG00047NA04P,D LETRA A LOTE 4 PRIMERA,5,8.06,17.0
TG00714N102P,NUMERO 1 LOTE 2 PRIMERA,5,8.06,17.0
TG00047NS04P,D LETRA S LOTE 4 PRIMERA,5,8.06,12.0
TG01010T060P,TOCETO 10X10 T-060 PRIMERA,5,8.06,12.0
TG00714ND01P,LETRA D LOTE 1 PRIMERA,5,8.06,11.0
TG00047N204P,D NUMERO 2 LOTE 4 PRIMERA,5,8.06,8.0
TG00714NY01P,LETRA Y 7X14 LOTE 1 PRIMERA,5,8.06,7.0
TG00714NF01P,LETRA F LOTE 1 PRIMERA,5,8.06,6.0
TG00714N802P,NUMERO 8 LOTE 2 PRIMERA,5,8.06,5.0
TG000626ELAP2,LADRILLO E ARKITEKT 1/4X26 LISO ARENA PRIMERA T2,4,6.45,114442.0
TG2945TRLRRP,TG TEJA ROMANA PRIMERA,4,6.45,57231.0
TG061224LVGP,LADRILLO CARAVISTA ARKITEKT LISO GRIS PRIMERA,4,6.45,35921.0
TT201240LVRP,TT LADRILLO ESTRUCTURAL PV 20X12X40 LISO ROJO PRIM,4,6.45,22102.0
TG082380QHRC,TG LADRILLO BLOQUELON X 80 COMERCIAL,4,6.45,15080.0
TG051020DRMP,ADOQUIN RECTANGULAR MORO PRIMERA,4,6.45,12710.0
MCENSAYO0015,E MC LADRILLO FAROL PH 10 LISO ROJO,4,6.45,12358.0
TG061020DAAP,ADOQUIN TACTIL ALERTA ARENA PRIMERA,4,6.45,12149.0
MC201240RHRC,LADRILLO FAROL PH 6H DE 12X40 RAYADO ROJO COMERCIA,4,6.45,12031.0
TG061224LVRC,LADRILLO CARAVISTA ARKITEKT LISO ROJO COMERCIAL,4,6.45,7086.0
TG061020DGAP,ADOQUIN TACTIL GUIA ARENA PRIMERA,4,6.45,4610.0
TG051439HVMP,LADRILLO GRAN FORMATO ARKITEKT 145 RÚSTICO MORO P,4,6.45,4362.0
MC201040RHRP,N LADRILLO FAROL PH 3H DE 10X40 RAYADO ROJO PRIMER,4,6.45,1662.0
TG000725ARMP2,TABLETA ITALICA 7X25 RUSTICA MORO PRIMERA T2,4,6.45,1020.0
TG001010ARRE,TABLETA SALAMINA BORDE 10X10 RÚSTICA ROJA ECOGRES,4,6.45,926.0
TG01010T116P,D TOCETO 10X10 T-116 PRIMERA,4,6.45,732.0
TG000325ALRP,D TABLETA LAPIZ 35X25 LISA ROJO PRIMERA,4,6.45,683.0
TG01010T090P,D TOCETO 10X10 T-090 PRIMERA,4,6.45,404.0
MC052525CLRP,LADRILLO LAGRIMAL MURO 15 LISO ROJO PRIMERA,4,6.45,319.0
MC081020DRRC,ADOQUIN RECTANGULAR X8 RUSTICO ROJO COMERCIAL,4,6.45,270.0
TG000624ALAE,TABLETA ARKITEKT LISO ARENA ECOGRES,4,6.45,223.0
TG000920CLJP,D GUARDAESCOBA COLONIAL LISO NOGAL PRIMERA,4,6.45,138.0
TG01010TBIRP,D TOCETO 10X10 BLANCO IRRA PRIMERA,4,6.45,105.0
TG001010ARQE,D TABLETA SALAMINA 10X10 RÚSTICA SPETTRO OTOÑO E,4,6.45,92.0
TGENSAYO0122,E TG TABLON 20X20 LISO ROJO,4,6.45,82.0
TG01010T041P,TOCETO 10X10 T-041 PRIMERA,4,6.45,68.0
TG01010T037P,TOCETO 10X10 T-037 PRIMERA,4,6.45,62.0
TG00725CVFIP,D CENEFA 7X25 VERDE FICUS PRIMERA,4,6.45,40.0
TGENSAYO0054,E TABLETA 7X25 MORO FITO PRENSA,4,6.45,34.0
TG051439HVTP,LADRILLO GRAN FORMATO ARKITEKT RÚSTICO TERRAZO PRI,4,6.45,27.0
TG00047NR04P,D LETRA R LOTE 4 PRIMERA,4,6.45,15.0
TG00047NSE4P,D SEPARADOR LOTE 4 PRIMERA,4,6.45,13.0
TG00047NI04P,D LETRA I LOTE 4 PRIMERA,4,6.45,12.0
TG00714ND02P,LETRA D LOTE 2 PRIMERA,4,6.45,11.0
TG00047N304P,D NUMERO 3 LOTE 4 PRIMERA,4,6.45,9.0
TG00714NB03P,D LETRA B LOTE 3 PRIMERA,4,6.45,8.0
TG00047NL04P,D LETRA L LOTE 4 PRIMERA,4,6.45,7.0
TG00714NN03P,LETRA N LOTE 3 PRIMERA,4,6.45,7.0
TG00047NM04P,D LETRA M LOTE 4 PRIMERA,4,6.45,6.0
TG00714NE03P,D LETRA E LOTE 3 PRIMERA,4,6.45,6.0
TG00714NP03P,LETRA P LOTE 3 PRIMERA,4,6.45,6.0
TG00047N404P,D NUMERO 4 LOTE 4 PRIMERA,4,6.45,5.0
TG00714NJ01P,LETRA J LOTE 1 PRIMERA,4,6.45,5.0
TG00714N702P,NUMERO 7 LOTE 2 PRIMERA,4,6.45,4.0
MCENSAYO0017,E MC LADRILLO BLOQUELON X 80,3,4.84,89148.0
TGENSAYO0013,E ADOQUIN RECTANGULAR X2 ROJO,3,4.84,45317.0
TT000624ELRP,TT ENCHAPE CARAVISTA LISO ROJO PRIMERA,3,4.84,22814.0
TG201240LVRP,TG LADRILLO ESTRUCTURAL PV 20X12X40 LISO ROJO PRIM,3,4.84,15780.0
TG061224LVGB,LADRILLO CARAVISTA ARKITEKT LISO GRIS PRIMERA B,3,4.84,15466.0
TGENSAYO0040,E TG LADRILLO CARAVISTA LISO ROJO,3,4.84,14807.0
TT1741TTLRRP,TEJA TUBO PRIMERA,3,4.84,13978.0
TGENSAYO0028,E ADOQUIN RECTANGULAR X4 ARENA,3,4.84,10585.0
MC131330IVRC,LADRILLO ESTRUCTURAL PV X 13 RINO LISO ROJO COMERC,3,4.84,10250.0
MCENSAYO0016,E MC LADRILLO TERMINAL PV 12 LISO ROJO,3,4.84,6320.0
MCENSAYO0002,E LADRILLO CARAVISTADE 145 LISO ROJO,3,4.84,6182.0
TG061226LLAP,LADRILLO ESQUINERO ARKITEKT LARGO LISO ARENA PRIME,3,4.84,4600.0
TGENSAYO0121,E GRAN FORMATO ARKITEKT 145 RUSTICO TERRAZO,3,4.84,4444.0
TT061224LVRC,TT LADRILLO CARAVISTA LISO ROJO COMERCIAL,3,4.84,4392.0
MC201030RH3C,N LADRILLO FAROL PH 3H DE 10X30 RAYADO ROJO COMERC,3,4.84,2600.0
TGENSAYO0030,E TG LADRILLO CARAVISTA LISO BLANCO,3,4.84,2060.0
MC120620DRRC,LADRILLO BORDE DE ANDEN RUSTICO ROJO COMERCIAL,3,4.84,1613.0
TT201030RHRP,TT LADRILLO FAROL PH 10 RAYADO ROJO PRIMERA,3,4.84,1550.0
TGENSAYO0008,E ADOQUIN RECTANGULAR DE 3 ARENA,3,4.84,1180.0
TG3920TCLRRP1,TEJA CUMBRERA ROJA PRIMERA,3,4.84,307.0
TT101330LVRC,TT LADRILLO ESTRUCTURAL PV 10 LISO ROJO COMERCIAL,3,4.84,305.0
MC061330LVRP,LADRILLO ROMANO PV X 6 LISO ROJO PRIMERA,3,4.84,300.0
TG00714NA02P,LETRA A LOTE 2 PRIMERA,3,4.84,82.0
TG01010T054P,TOCETO 10X10 T-054 PRIMERA,3,4.84,49.0
TG000325TELP,D LISTLO ESMALTDO 35X25 COBALTO,3,4.84,48.0
TG000325ARAP,D TABLETA LAPIZ 35X25 RUSTICA ARENA PRIMERA,3,4.84,30.0
TG000725ARFP,D TABLETA ITALICA 7X25 RÚSTICA ROJO FUME  PRIMER,3,4.84,22.0
TG00714NB01P,LETRA B LOTE 1 PRIMERA,3,4.84,22.0
TG01010TRFIP,D TOCETO 10X10 ROJO FINARIA,3,4.84,19.0
TG00714NH01P,LETRA H LOTE 1 PRIMERA,3,4.84,16.0
TG00714NL01P,LETRA L LOTE 1 PRIMERA,3,4.84,15.0
TG00714NN02P,LETRA N LOTE 2 PRIMERA,3,4.84,12.0
TG01010T052P,TOCETO 10X10 T-052 PRIMERA,3,4.84,10.0
TG01010T026P,ESQUINERO 10X10 E-026 PRIMERA,3,4.84,9.0
TG00047NN04P,D LETRA N LOTE 4 PRIMERA,3,4.84,8.0
TG00047NG04P,D LETRA G LOTE 4 PRIMERA,3,4.84,7.0
TG00047ND04P,D LETRA D LOTE 4 PRIMERA,3,4.84,6.0
TG00714NE01E,LETRA E LOTE 1 ECOGRES,3,4.84,6.0
TG00714NH03P,D LETRA H LOTE 3 PRIMERA,3,4.84,6.0
TG00714NV03P,LETRA V 7X14 LOTE 3 PRIMERA,3,4.84,6.0
TG00047N104P,D NUMERO 1 LOTE 4 PRIMERA,3,4.84,4.0
TG00047N704P,D NUMERO 7 LOTE 4 PRIMERA,3,4.84,4.0
TG00047NP04P,D LETRA P LOTE 4 PRIMERA,3,4.84,4.0
TG00047NQ04P,D LETRA Q LOTE 4 PRIMERA,3,4.84,4.0
TG00047NU04P,D LETRA U LOTE 4 PRIMERA,3,4.84,4.0
TG002020BLRP,TABLON 20X20 ROMANO ROJO PRIMERA,3,4.84,4.0
TG00714N701P,NUMERO 7 LOTE 1 PRIMERA,3,4.84,4.0
TG00714NF03P,D LETRA F LOTE 3 PRIMERA,3,4.84,4.0
TG00714NG01P,LETRA G LOTE 1 PRIMERA,3,4.84,4.0
TG00714NH01E,LETRA H LOTE 1 ECOGRES,3,4.84,4.0
TG00714N703P,D NUMERO 7 LOTE 3 PRIMERA,3,4.84,3.0
INACTIVO,INACTIVO TT ENCHAPE CARAVISTA LISO ROJO PRIMERA,2,3.23,13760.0
MC101330LVRPTG,TG LADRILLO ESTRUCTURAL PV 10 LISO ROJO PRIMERA,2,3.23,13473.0
TG021020DRRP2,LADRILLO ADOQUIN FORTE X2 RUSTICO ROJO PRIMERA T2,2,3.23,5760.0
TG000626ELMP2,LADRILLO E ARKITEKT 1/4X26 LISO MORO PRIMERA T2,2,3.23,5357.0
TG051020DRAP,ADOQUIN RECTANGULAR X 5 ARENA PRIMERA,2,3.23,3616.0
CITG000725ALTE,CI TABLETA ITALICA 7X25 LISA TERRAZO ECOGRES,2,3.23,2748.0
TG051239HVMC,LADRILLO GRAN FORMATO ARKITEKT 12 RUSTICO MORO C,2,3.23,2700.0
TGENSAYO0041,E TG LADRILLO ADOQUIN X1.8 RUSTICO ROJO,2,3.23,2410.0
TG041020DRAP2,LADRILLO ADOQUIN FORTE X4 RUSTICO ARENA PRIMERA T2,2,3.23,2000.0
TGENSAYO0035,E TG LADRILLO ADOQUIN X2 RUSTICO MORO,2,3.23,1872.0
CITG000725ARTE,CI TABLETA ITALICA 7X25 RUSTICA TERRAZO ECOGRES,2,3.23,1676.0
TGENSAYO0012,E BLOQUELON X 80 TG,2,3.23,1616.0
TG000624ELRP,ENCHAPE ARKITEKT LISO ROJO PRIMERA,2,3.23,1597.0
TG001515BLRP1,TABLETON CARIBE 15X15 LISO ROJO PRIMERA T1,2,3.23,533.0
TTENSAYO0002,E TT LADRILLO FAROL PH 10 LISO,2,3.23,450.0
TGENSAYO0044,E TG LADRILLO ADOQUIN RECTANGULAR X1.8 RUSTICO BLA,2,3.23,334.0
TG041020DRMP2,LADRILLO ADOQUIN FORTE X4 RUSTICO MORO PRIMERA T2,2,3.23,275.0
TG000725ALRESR,TABLETA ITALICA 7X25 LISA ROJO ECOGRES SR,2,3.23,260.0
TG03232E511P,D CHAPAFACIL PRIMERA,2,3.23,256.0
TG03232E510P,D EASY GRES 510 PRIMERA,2,3.23,188.0
TG002025CLCP,D HUELLA  ESCALERA 25X20 LISA CANELA PRIMERA,2,3.23,152.0
TG01010T005P,D ESQUINERO 10X10 E-005 PRIMERA,2,3.23,140.0
TG001020CLAE,REMATE ARAGON 10X20 LISO ARENA ECOGRES,2,3.23,127.0
TG002525CLAP,HUELLA  ESCALERA 25X25 LISA ARENA PRIMERA,2,3.23,126.0
MC201020RHRC,N LADRILLO FAROL PH 3H DE 10X20 MEDIO RAYADO,2,3.23,110.0
TG001010ARRE2,TABLETA SALAMINA 10X10 RUSTICA ROJA ECOGRES T2,2,3.23,110.0
TG01010T067P,D TOCETO 10X10 T-067 PRIMERA,2,3.23,101.0
MC201020RHRP,N LADRILLO FAROL PH 3H DE 10X20 MEDIO RAYADO ROJO,2,3.23,75.0
TGENSAYO0125,E TG TABLON 24X24 LISO ROJO ECOGRES,2,3.23,72.0
TG000725SRRP,D TABLETA ITALICA 7X25 LISA SCALA ROJO PRIMERA,2,3.23,63.5
TGENSAYO00130,TABLON ROJO 20 X 20 LISO,2,3.23,53.0
TG00714NI02P,LETRA I LOTE 2 PRIMERA,2,3.23,52.0
TG00314NGU2P,GUIÓN 35X14 LOTE 2 PRIMERA,2,3.23,51.0
TG000725SRMP,D TABLETA ITALICA 7X25 LISA SCALA MORO PRIMERA,2,3.23,50.0
TG00505T044P,TACO 5X5 T-044 PRIMERA,2,3.23,31.0
TG00714NO02P,LETRA O LOTE 2 PRIMERA,2,3.23,30.0
TG01010T115P,D TOCETO 10X10 T-115 PRIMERA,2,3.23,30.0
TGENSAYO0126,E TG TABLON 20X20 LISO MORO,2,3.23,30.0
TG00920G030P,D GUARDAESCOBA DECORADO 9X20 G-030 PRIMERA,2,3.23,28.0
TGENSAYO0003,E REMATE ARAGON 10X20 LISO LIMAYA,2,3.23,26.0
TG00714NA01P,LETRA A  LOTE 1 PRIMERA,2,3.23,24.0
TGENSAYO0128,E TG TABLON 20X20 LISO ARENA,2,3.23,24.0
TG00714NE02P,LETRA E LOTE 2 PRIMERA,2,3.23,22.0
TGENSAYO0006,E TABLON 20X20 LISO EXCELSA,2,3.23,21.0
TG00714NT01P,LETRA T 7X14 LOTE 1 PRIMERA,2,3.23,9.0
TG00047NE04P,D LETRA E LOTE 4 PRIMERA,2,3.23,8.0
TGENSAYO0134,E TG TABLETA 7X25 RUSTICA MORO T1,2,3.23,8.0
TG00714NL03P,D LETRA L LOTE 3 PRIMERA,2,3.23,7.0
TG00314NSE2P,SEPARADOR 35X14 LOTE 2 PRIMERA,2,3.23,6.0
TG00714NG01E,LETRA G LOTE 1 ECOGRES,2,3.23,6.0
TG00314NSE3P,D SEPARADOR 35X14 LOTE 3,2,3.23,5.0
TG00714N203P,D NUMERO 2 LOTE 3 PRIMERA,2,3.23,5.0
TG00714N503P,D NUMERO 5 LOTE 3 PRIMERA,2,3.23,5.0
TG00714NG03P,D LETRA G LOTE 3 PRIMERA,2,3.23,5.0
TG00047NT04P,D LETRA T LOTE 4 PRIMERA,2,3.23,4.0
TG00714N603P,D NUMERO 6 LOTE 3 PRIMERA,2,3.23,4.0
TG00714NES3P,D ESQUINERO LOTE 3 PRIMERA,2,3.23,4.0
TG01020C023P,D CENEFA 10X20 C-023 PRIMERA,2,3.23,4.0
TG00047N604P,D NUMERO 6 LOTE 4 PRIMERA,2,3.23,3.0
TG00047N804P,D NUMERO 8 LOTE 4 PRIMERA,2,3.23,3.0
TG00714N803P,D NUMERO 8 LOTE 3 PRIMERA,2,3.23,3.0
TG00714NF01E,LETRA F LOTE 1 ECOGRES,2,3.23,3.0
TG00714NG02P,LETRA G LOTE 2 PRIMERA,2,3.23,3.0
TG00714NP01P,LETRA P LOTE 1 PRIMERA,2,3.23,3.0
TG00047NZ04P,D LETRA Z LOTE 4 PRIMERA,2,3.23,2.0
TG00714N403P,D NUMERO 4 LOTE 3 PRIMERA,2,3.23,2.0
TG00714NK01P,LETRA K LOTE 1 PRIMERA,2,3.23,2.0
TG00714NP02P,LETRA P LOTE 2 PRIMERA,2,3.23,2.0
TT082380QHRPTG,TG LADRILLO BLOQUELON X 80 PRIMERA,2,3.23,-93.0
TG000624ELAP,ENCHAPE ARKITEKT LISO ARENA PRIMERA,1,1.61,6042.0
MCENSAYO0001,E LADRILLO CARAVISTA LISO ARENA,1,1.61,5800.0
MC051020DRZP,ADOQUIN RECTANGULAR X5 RUSTICO ROJO MATIZADO P,1,1.61,5300.0
MC061330LVRC,LADRILLO ROMANO PV X 6 LISO ROJO COMERCIAL,1,1.61,2800.0
TG041020DRMP1,LADRILLO ADOQUIN FORTE X4 RUSTICO MORO PRIMERA T1,1,1.61,2600.0
TG201220LVRP,TG LADRILLO ESTRUCTURAL MEDIO PV 20X12X20 LISO ROJ,1,1.61,2100.0
TG061225LVLP,LADRILLO CARAVISTA ARKITEKT SALMONA ARENA PRIMERA,1,1.61,1600.0
TGENSAYO0029,E ADOQUIN RECTANGULAR X2 ARENA,1,1.61,1300.0
TGENSAYO0007,E LADRILLO COMPLEMENTO X10 MORO,1,1.61,1000.0
TGENSAYO0005,E TG TABLETA 10X20 LISA ROJA T003,1,1.61,534.0
TG121006CCAP,LADRILLO CELOSIA CORTE ARKITEKT ARENA PRIMERA,1,1.61,500.0
TG000725ALYE,TABLETA ITALICA 7X25 LISA SPETTRO PRIMAVERA ECOGRE,1,1.61,403.0
TG051239HVAC,LADRILLO GRAN FORMATO ARKITEKT 12 RUSTICO ARENA C,1,1.61,400.0
TGENSAYO0018,E LADRILLO E ARKITEKT 1/4X26 LISO MORO MATIZ,1,1.61,380.0
TG01010T117P,D TOCETO 10X10 T-117 PRIMERA,1,1.61,250.0
TG03232E505P,D EASY GRES 505 PRIMERA,1,1.61,240.0
TGENSAYO0034,E TG LADRILLO ADOQUIN X4 RUSTICO MORO,1,1.61,225.0
TG01010T017P,D ESQUINERO 10X10 E-017 PRIMERA,1,1.61,200.0
TGENSAYO0011,E LADRILLO ESTRUCTURAL PV DE 10X14.5X30 MORO,1,1.61,200.0
TT201030RHRC,TT LADRILLO FAROL PH 10 RAYADO ROJO COMERCIAL,1,1.61,200.0
TGENSAYO0059,E TEJA PIZARRA MORO,1,1.61,150.0
CITG000725ARIP,CI TABLETA ITALICA 7X25 RÚSTICA FIRENZE  PRIMERA,1,1.61,120.0
TG000725ALAX,TABLETA ITALICA 7X25 LISA ARENA EXTRA,1,1.61,100.0
TG001020CLRP2,REMATE ARAGON 10X20 LISO ROJO PRIMERA T2,1,1.61,100.0
TG03232E501P,D EASY GRES 501 PRIMERA,1,1.61,90.0
TG000624ALRE,TABLETA ARKITEKT LISO ROJO ECOGRES,1,1.61,79.0
MC100626NLRP,ADOQUÍN CAÑUELA ROJO PRIMERA,1,1.61,65.0
TG01010T003P,D TOCETO 10X10 T-003 PRIMERA,1,1.61,56.0
TG000624ALME,TABLETA ARKITEKT LISO MORO ECOGRES,1,1.61,52.0
TG001020CLRE1,REMATE ARAGON 10X20 LISO ROJO ECOGRES T1,1,1.61,52.0
TG002020CLCP,D CONTRAHUELLA ESCALERA 20X20 LISA CANELA  PRIME,1,1.61,52.0
TG021020DRMP1,LADRILLO ADOQUIN FORTE X2 RUSTICO MORO PRIMERA T1,1,1.61,49.0
TG03232E509P,D EASY GRES 509 PRIMERA,1,1.61,20.0
TG001020ALME2,TABLETA CLASICA 10X20 LISA MORO ECOGRES T2,1,1.61,18.0
TG01020C011P,CENEFA 10X20 C-011 PRIMERA,1,1.61,16.0
TG001010ALRE,TABLETA CUMANDAY 10X10 LISA ROJA ECOGRES,1,1.61,12.0
TGENSAYO0123,E TG TABLON 20X40 LISO ROJO,1,1.61,11.0
CITG000725ARSP,CI TABLETA ITALICA 7X25 RÚSTICA SALMON PRIMERA,1,1.61,10.0
TG00714NN01E,D LETRA N LOTE 1 ECOGRES,1,1.61,10.0
TG01020C013P,D CENEFA 10X20 C-013 PRIMERA,1,1.61,10.0
TG000725ARAP2,TABLETA ITALICA 7X25 RUSTICA ARENA PRIMERA T2,1,1.61,9.0
TG000725ARMP1,TABLETA ITALICA 7X25 RUSTICA MORO PRIMERA T1,1,1.61,9.0
TG03232E504P,D EASY GRES 504 PRIMERA,1,1.61,8.0
TGENSAYO0004,E TABLETA HEXAGONAL 25X25 LISO ROJO,1,1.61,8.0
TG003122JLME,D TEJA PIZARRA 31X22 LISA MORO ECOGRES,1,1.61,6.0
TG000325TENP,D LISTELO ESMALTADO 35X25 NEGRO,1,1.61,4.0
TG00714N801E,NUMERO 8 LOTE 1 ECOGRES,1,1.61,4.0
TG00714NP01E,D LETRA P LOTE 1 ECOGRES,1,1.61,4.0
TG000515ERRP,SPACATTO 5X15 RÚSTICO ROJO PRIMERA,1,1.61,3.0
TG00714NM01E,D LETRA M LOTE 1 ECOGRES,1,1.61,3.0
TG00714NR02P,LETRA R LOTE 2 PRIMERA,1,1.61,3.0
TG00714NT02P,LETRA T 7X14 LOTE 2 PRIMERA,1,1.61,3.0
TG00714NU01E,LETRA U 7X14 LOTE 1 ECOGRES,1,1.61,3.0
TG00047NNN4P,D LETRA Ñ LOTE 4 PRIMERA,1,1.61,2.0
TG000725ALIP,D TABLETA ITALICA 7X25 LISA FIRENZE  PRIMERA,1,1.61,2.0
TG00714N601E,D NUMERO 6 LOTE 1 ECOGRES,1,1.61,2.0
TG00714NB02P,LETRA B LOTE 2 PRIMERA,1,1.61,2.0
TG00714ND01E,LETRA D LOTE 1 ECOGRES,1,1.61,2.0
TG00714ND03P,D LETRA D LOTE 3 PRIMERA,1,1.61,2.0
TG00714NJ01E,LETRA J LOTE 1 ECOGRES,1,1.61,2.0
TG00714NJ03P,D LETRA J LOTE 3 PRIMERA,1,1.61,2.0
TG00714NK03P,D LETRA K LOTE 3 PRIMERA,1,1.61,2.0
TG00714NS01E,D LETRA S LOTE 1 ECOGRES,1,1.61,2.0
TG00714NZ01E,D LETRA Z 7X14 LOTE 1 ECOGRES,1,1.61,2.0
TG00047N504P,D NUMERO 5 LOTE 4 PRIMERA,1,1.61,1.0
TG00047NB04P,D LETRA B LOTE 4 PRIMERA,1,1.61,1.0
TG00047NV04P,D LETRA V LOTE 4 PRIMERA,1,1.61,1.0
TG00047NX04P,D LETRA X LOTE 4 PRIMERA,1,1.61,1.0
TG001020ALJE,D TABLETA CLASICA 10X20 LISA NOGAL ECOGRES,1,1.61,1.0
TG00714N301E,D NUMERO 3 LOTE 1 ECOGRES,1,1.61,1.0
TG00714N701E,D NUMERO 7 LOTE 1 ECOGRES,1,1.61,1.0
TG00714NF02P,LETRA F LOTE 2 PRIMERA,1,1.61,1.0
TG00714NJ02P,LETRA J LOTE 2 PRIMERA,1,1.61,1.0
TG00714NM03P,LETRA M LOTE 3 PRIMERA,1,1.61,1.0
TG00714NQ01P,LETRA Q LOTE 1 PRIMERA,1,1.61,1.0
TG00714NT01E,D LETRA T 7X14 LOTE 1 ECOGRES,1,1.61,1.0
TG00714NU02P,LETRA U 7X14 LOTE 2 PRIMERA,1,1.61,1.0
TG00714NV02P,LETRA V 7X14 LOTE 2 PRIMERA,1,1.61,1.0
TG00714NZ01P,LETRA Z 7X14 LOTE 1 PRIMERA,1,1.61,1.0
TG00714NZ02P,LETRA Z 7X14 LOTE 2 PRIMERA,1,1.61,1.0
TT061224VLRP,LADRILLO CARAVISTA LISO ROJO PRIMERA,1,1.61,-54.0
CP201030RHRP,CP LADRILLO FAROL PH DE 10 RAYADO ROJO PRIMERA,0,0.0,0.0
LSESTERILA01,C ESTERILLA,0,0.0,0.0
MC000624ELEP,D ENCHAPE CARAVISTA LISO RECOCIDO ROJO PRIMERA,0,0.0,0.0
MC021020DRRP,ADOQUIN RECTANGULAR X2 RUSTICO ROJO PRIMERA,0,0.0,0.0
MC100628CLRP,ALFAGIA ALIGERADA LISO ROJO PRIMERA,0,0.0,0.0
MC201020CCRC,LADRILLO CALADO CIRCULO DE 10 ROJO COMERCIAL,0,0.0,0.0
MC201030RH3P,N LADRILLO FAROL PH 3H DE 10X30 RAYADO ROJO PRIMER,0,0.0,0.0
MCCONTROL01,PRODUCTO CONTROL MC,0,0.0,0.0
PRESUPUESTO,PRESUPUESTO,0,0.0,0.0
TG000325TEKP,D LISTELO ESMALTADO 35X25 CAFE,0,0.0,0.0
TG00047NF04P,D LETRA F LOTE 4 PRIMERA,0,0.0,0.0
TG00047NH04P,D LETRA H LOTE 4 PRIMERA,0,0.0,0.0
TG00047NJ04P,D LETRA J LOTE 4 PRIMERA,0,0.0,0.0
TG00047NK04P,D LETRA K LOTE 4 PRIMERA,0,0.0,0.0
TG00047NY04P,D LETRA Y LOTE 4 PRIMERA,0,0.0,0.0
TG000624ALGP,TABLETA ARKITEKT LISO GRIS PRIMERA,0,0.0,0.0
TG000624ELAC,ENCHAPE ARKITEKT LISO ARENA COMERCIAL,0,0.0,0.0
TG000624ELGC,ENCHAPE ARKITEKT LISO GRIS COMERCIAL,0,0.0,0.0
TG000624ELGP,ENCHAPE ARKITEKT LISO GRIS PRIMERA,0,0.0,0.0
TG000624ELMC,ENCHAPE ARKITEKT LISO MORO COMERCIAL,0,0.0,0.0
TG000624ELMP,ENCHAPE ARKITEKT LISO MORO PRIMERA,0,0.0,0.0
TG000624ELRC,ENCHAPE ARKITEKT LISO ROJO COMERCIAL,0,0.0,0.0
TG000725ARME,TABLETA ITALICA 7X25 RÚSTICA MORO  ECOGRES,0,0.0,0.0
TG000725ARYE,TABLETA ITALICA 7X25 RÚSTICA SPETTRO PRIMAVERA ECO,0,0.0,0.0
TG002020CLJB,D CONTRAHUELLA ESCALERA 20X20 LISA NOGAL PRIMERA,0,0.0,0.0
TG002025CLAE,HUELLA  ESCALERA 25X20 LISA ARENA ECOGRES,0,0.0,0.0
TG00714N401E,D NUMERO 4 LOTE 1 ECOGRES,0,0.0,0.0
TG00714NB01E,LETRA B LOTE 1 ECOGRES,0,0.0,0.0
TG00714NH02P,LETRA H LOTE 2 PRIMERA,0,0.0,0.0
TG00714NK01E,D LETRA K LOTE 1 ECOGRES,0,0.0,0.0
TG00714NK02P,LETRA K LOTE 2 PRIMERA,0,0.0,0.0
TG00714NNN1E,D LETRA Ñ LOTE 1 ECOGRES,0,0.0,0.0
TG00714NNN1P,LETRA Ñ LOTE 1 PRIMERA,0,0.0,0.0
TG00714NNN2P,LETRA Ñ LOTE 2 PRIMERA,0,0.0,0.0
TG00714NQ01E,D LETRA Q LOTE 1 ECOGRES,0,0.0,0.0
TG00714NQ02P,LETRA Q LOTE 2 PRIMERA,0,0.0,0.0
TG00714NT03P,D LETRA T 7X14 LOTE 3 PRIMERA,0,0.0,0.0
TG00714NU03P,LETRA U 7X14 LOTE 3 PRIMERA,0,0.0,0.0
TG00714NV01E,D LETRA V 7X14 LOTE 1 ECOGRES,0,0.0,0.0
TG00714NW01E,D LETRA W 7X14 LOTE 1 ECOGRES,0,0.0,0.0
TG00714NW01P,LETRA W 7X14 LOTE 1 PRIMERA,0,0.0,0.0
TG00714NW02P,LETRA W 7X14 LOTE 2 PRIMERA,0,0.0,0.0
TG00714NX01E,D LETRA X 7X14 LOTE 1 ECOGRES,0,0.0,0.0
TG00714NX01P,LETRA X 7X14 LOTE 1 PRIMERA,0,0.0,0.0
TG00714NX03P,D LETRA X 7X14 LOTE 3 PRIMERA,0,0.0,0.0
TG00714NY01E,D LETRA Y 7X14 LOTE 1 ECOGRES,0,0.0,0.0
TG00714NY02P,LETRA Y 7X14 LOTE 2 PRIMERA,0,0.0,0.0
TG01020C006P,D CENEFA 10X20 C-006 PRIMERA,0,0.0,0.0
TG051439LVAC,LADRILLO GRAN FORMATO ARKITEKT 145 LISO ARENA C,0,0.0,0.0
TG061226LPAP,LADRILLO MULTIPERFORADO ARKITEKT ARENA PRIMERA,0,0.0,0.0
TG092020CLAE,LOMO DE BALLENA 20X20 LISO ARENA ECOGRES,0,0.0,0.0
TGCONTROL01,PRODUCTO CONTROL,0,0.0,0.0
TGENSAYO0002,E CONTRAHUELLA ESCALERA 20X20 LISA NOGAL,0,0.0,0.0
TGENSAYO0064,D TEJA ESPAÑOLA PESEBRE 1,0,0.0,0.0
TGENSAYO0090,E TABLETA DIAG 10X20 LISO ROJO,0,0.0,0.0
TT071919CJRP,ADOQUIN ECOLOGICO 07X19X19 ROJO PRIMERA,0,0.0,0.0
TT100628CLRP,ALFAGIA ALIGERADA LISO ROJO PRIMERA,0,0.0,0.0
TTCONTROL1,PRODUCTO CONTROL TT,0,0.0,0.0
TTENSAYO0014,E LADRILLO ESTRUCTURAL PV 20X12X29,0,0.0,0.0
